x0,y0,z0,x1,y1,z1,x2,y2,z2,x3,y3,z3,x4,y4,z4,x5,y5,z5,x6,y6,z6,x7,y7,z7,x8,y8,z8,x9,y9,z9,x10,y10,z10,x11,y11,z11,x12,y12,z12,x13,y13,z13,x14,y14,z14,x15,y15,z15,x16,y16,z16,x17,y17,z17,x18,y18,z18,x19,y19,z19,x20,y20,z20,label
0.25751248002052307,0.8173096776008606,2.6832610799942813e-08,0.4066605567932129,0.8126155138015747,-0.10214106738567352,0.559705376625061,0.7110399603843689,-0.15705136954784393,0.6080305576324463,0.5696176886558533,-0.20777931809425354,0.6048918962478638,0.4376211166381836,-0.24975313246250153,0.5966698527336121,0.5125645995140076,-0.04834325984120369,0.7254225611686707,0.3742244243621826,-0.1441822052001953,0.7892577648162842,0.2954850196838379,-0.18689005076885223,0.8568700551986694,0.20899391174316406,-0.2092607021331787,0.49954286217689514,0.4770529866218567,-0.041283078491687775,0.5884718894958496,0.4131261706352234,-0.17153511941432953,0.5107308626174927,0.5747827291488647,-0.18674860894680023,0.4698355197906494,0.584136426448822,-0.1630295366048813,0.40031903982162476,0.4556836783885956,-0.054495230317115784,0.4839702546596527,0.4273744821548462,-0.1905115842819214,0.4220764935016632,0.5733224153518677,-0.16337727010250092,0.37965965270996094,0.5663056373596191,-0.11064135283231735,0.29443180561065674,0.4463924765586853,-0.0760493203997612,0.374990314245224,0.42727693915367126,-0.16252028942108154,0.3409211039543152,0.5406164526939392,-0.14222612977027893,0.2965340316295624,0.550101101398468,-0.10570968687534332,1
0.2256757616996765,0.7750668525695801,3.4067906540258264e-07,0.35452568531036377,0.7887281179428101,-0.10895443707704544,0.5334606766700745,0.6977556943893433,-0.1429562121629715,0.6024254560470581,0.5390823483467102,-0.16249655187129974,0.6244978904724121,0.3971855342388153,-0.17673321068286896,0.6261573433876038,0.5489673018455505,-0.04512540623545647,0.7491855621337891,0.40471214056015015,-0.10538660734891891,0.8144987225532532,0.30168378353118896,-0.13351257145404816,0.8695749640464783,0.21045368909835815,-0.14882810413837433,0.533043384552002,0.49167948961257935,-0.02133900113403797,0.6131582856178284,0.35899460315704346,-0.12578046321868896,0.5361571311950684,0.4828948378562927,-0.1494934856891632,0.5033964514732361,0.5572648644447327,-0.12760719656944275,0.43367481231689453,0.4578932225704193,-0.010403627529740334,0.4730067551136017,0.383358359336853,-0.13685305416584015,0.3993227481842041,0.5290910005569458,-0.12037214636802673,0.3721025288105011,0.5885157585144043,-0.06621281057596207,0.32394182682037354,0.44212356209754944,-0.005249522160738707,0.3648511469364166,0.3756042420864105,-0.09830459952354431,0.32037070393562317,0.4940210282802582,-0.07861418277025223,0.29724088311195374,0.5468749403953552,-0.03452168405056,1
0.204811692237854,0.7882182598114014,1.7563267817877204e-07,0.3614087700843811,0.7608898878097534,-0.1238945797085762,0.5243372321128845,0.6813980937004089,-0.1532922238111496,0.6043647527694702,0.5276507139205933,-0.1582404226064682,0.626512348651886,0.384036660194397,-0.15084588527679443,0.6277558207511902,0.5444667339324951,-0.05615576356649399,0.7520337104797363,0.39078009128570557,-0.11171839386224747,0.8191976547241211,0.2888643145561218,-0.13553079962730408,0.8699983358383179,0.20236796140670776,-0.14355576038360596,0.5310172438621521,0.4938141405582428,-0.01391511783003807,0.593879222869873,0.3494374454021454,-0.08116813004016876,0.5173695683479309,0.4875093996524811,-0.0763748437166214,0.5074599385261536,0.5543153882026672,-0.043475840240716934,0.4298779368400574,0.45902004837989807,0.010691267438232899,0.4617725908756256,0.36603081226348877,-0.08605965226888657,0.38958296179771423,0.5229407548904419,-0.05769310146570206,0.38259008526802063,0.5783303380012512,-0.0034070585388690233,0.3276844620704651,0.4506157338619232,0.02670040912926197,0.3593938946723938,0.36714911460876465,-0.03705013170838356,0.3204890787601471,0.4790381193161011,-0.007734622340649366,0.30521371960639954,0.532133162021637,0.03608579561114311,1
0.7421445846557617,0.8120492100715637,2.151620179802194e-07,0.7731031775474548,0.6665409803390503,-0.09988322854042053,0.6956061124801636,0.4646655321121216,-0.1304103136062622,0.5345257520675659,0.37251442670822144,-0.1508219987154007,0.3840751349925995,0.3365737199783325,-0.16792169213294983,0.5467036962509155,0.38520628213882446,-0.0305952001363039,0.4275742471218109,0.2534997761249542,-0.08057523518800735,0.3353583812713623,0.17203852534294128,-0.09761828184127808,0.25520068407058716,0.10800659656524658,-0.1065225601196289,0.47815436124801636,0.47470900416374207,-0.013916182331740856,0.36863160133361816,0.3610098958015442,-0.10748597979545593,0.4912000596523285,0.4498818814754486,-0.12114790081977844,0.557429850101471,0.5031498074531555,-0.09422595053911209,0.4367920458316803,0.5706911087036133,-0.010214569047093391,0.3700852692127228,0.5028530359268188,-0.1354425847530365,0.5156843066215515,0.5939951539039612,-0.11425963789224625,0.5683426856994629,0.6411741971969604,-0.05810614302754402,0.4055147171020508,0.6802220344543457,-0.011038916185498238,0.3532712161540985,0.6095232367515564,-0.10296721011400223,0.46541085839271545,0.6709057688713074,-0.08101516216993332,0.5071734189987183,0.7118440866470337,-0.038147807121276855,1
0.27524617314338684,0.753879189491272,-9.216890362040431e-08,0.3948361277580261,0.7965384721755981,-0.07890546321868896,0.5797052383422852,0.6712615489959717,-0.09768638014793396,0.6437796950340271,0.4749559164047241,-0.10808568447828293,0.6183786392211914,0.34775078296661377,-0.11348430812358856,0.6494321823120117,0.5371795892715454,-0.024049891158938408,0.7649408578872681,0.40644845366477966,-0.07188526540994644,0.8295198082923889,0.3142916262149811,-0.07897622883319855,0.8774144649505615,0.22871699929237366,-0.08189170807600021,0.5465908646583557,0.4818287193775177,-0.014979330822825432,0.6119590401649475,0.3436827063560486,-0.09634743630886078,0.5434322953224182,0.49500957131385803,-0.08706577122211456,0.5243960022926331,0.5461281538009644,-0.04745431989431381,0.44895076751708984,0.45646345615386963,-0.018314171582460403,0.4850720763206482,0.3606884777545929,-0.13438555598258972,0.42980438470840454,0.5261187553405762,-0.09657875448465347,0.4072858989238739,0.5701926946640015,-0.034363314509391785,0.33896827697753906,0.4421026408672333,-0.02541881799697876,0.37418851256370544,0.3801026940345764,-0.11265783756971359,0.3371838331222534,0.5027492046356201,-0.0872245579957962,0.3150216042995453,0.5393875241279602,-0.045470066368579865,1
0.3023073077201843,0.8294643759727478,1.536520102263239e-07,0.44280874729156494,0.8180220127105713,-0.08781391382217407,0.5857967138290405,0.6842682361602783,-0.12340933084487915,0.6415404081344604,0.5161995887756348,-0.15457822382450104,0.6180728673934937,0.3741748332977295,-0.18374857306480408,0.6236274242401123,0.5138537287712097,-0.034664690494537354,0.7049955725669861,0.3537217974662781,-0.08366572856903076,0.7535989880561829,0.23530548810958862,-0.09947487711906433,0.7831032276153564,0.1345078945159912,-0.10789215564727783,0.5220133662223816,0.4771926999092102,-0.023888465017080307,0.5822020173072815,0.374927282333374,-0.113448366522789,0.5295935273170471,0.521871030330658,-0.11762376129627228,0.49976009130477905,0.5869813561439514,-0.0866452232003212,0.42347580194473267,0.46305161714553833,-0.024950886145234108,0.46913862228393555,0.3725042939186096,-0.13996747136116028,0.4386923909187317,0.5325570702552795,-0.11126004904508591,0.41144686937332153,0.6028205752372742,-0.05363083630800247,0.3157445788383484,0.4599931538105011,-0.031121913343667984,0.36070260405540466,0.3780097961425781,-0.11870218068361282,0.3550971746444702,0.49644845724105835,-0.09522067755460739,0.33906540274620056,0.5619423389434814,-0.051500577479600906,1
0.7190643548965454,0.7807201147079468,-1.6704981931070506e-07,0.7551818490028381,0.6461400985717773,-0.10199896991252899,0.6620460748672485,0.4494309723377228,-0.12410777062177658,0.47591450810432434,0.37398093938827515,-0.13386867940425873,0.33123356103897095,0.3730218708515167,-0.13184493780136108,0.5403162240982056,0.35552889108657837,-0.01218926440924406,0.41030076146125793,0.23261144757270813,-0.06388722360134125,0.3337324857711792,0.1668274998664856,-0.0749984011054039,0.2515631318092346,0.10538867115974426,-0.079996258020401,0.47173112630844116,0.44929900765419006,0.0025418505538254976,0.3526763617992401,0.3666669428348541,-0.09275499731302261,0.4866369962692261,0.4590475261211395,-0.100457102060318,0.5239614248275757,0.4864259660243988,-0.06904919445514679,0.43088266253471375,0.5450267791748047,0.0005235249409452081,0.34994733333587646,0.49585652351379395,-0.12931489944458008,0.5049272775650024,0.5790822505950928,-0.10728037357330322,0.5327152013778687,0.595542311668396,-0.050773415714502335,0.39818066358566284,0.6491410732269287,-0.007386958226561546,0.34917008876800537,0.603909969329834,-0.10212881863117218,0.4653587341308594,0.6603891849517822,-0.08410297334194183,0.49143481254577637,0.682509183883667,-0.04469814896583557,1
0.689319372177124,0.8373100757598877,1.4240011125821184e-07,0.7543267011642456,0.7157098054885864,-0.07616008073091507,0.7340050935745239,0.5141259431838989,-0.11208314448595047,0.6168592572212219,0.3888818621635437,-0.14281831681728363,0.49179574847221375,0.3548382520675659,-0.17284153401851654,0.550081729888916,0.4065881371498108,-0.050747353583574295,0.4560103118419647,0.25286585092544556,-0.09949258714914322,0.38846105337142944,0.14865732192993164,-0.11892137676477432,0.32011064887046814,0.07548189163208008,-0.13320663571357727,0.4742528796195984,0.48116883635520935,-0.050780609250068665,0.4324020743370056,0.36212462186813354,-0.13835491240024567,0.5474451780319214,0.4832500219345093,-0.14665859937667847,0.5765351057052612,0.5450797080993652,-0.1246715635061264,0.4282535910606384,0.5672088861465454,-0.057607922703027725,0.39883506298065186,0.4792403280735016,-0.17122192680835724,0.5282057523727417,0.5895214080810547,-0.13612984120845795,0.5584173202514648,0.6501754522323608,-0.07983744144439697,0.38557538390159607,0.6784290671348572,-0.06806290149688721,0.3615482449531555,0.5983129739761353,-0.1575782597064972,0.4771871566772461,0.6637451648712158,-0.1257980912923813,0.5186356902122498,0.7139598727226257,-0.07880077511072159,1
0.4304569363594055,0.8757743239402771,1.719937330335597e-07,0.5518290400505066,0.8339053392410278,-0.085440494120121,0.6520664691925049,0.6604638695716858,-0.12346487492322922,0.6272906064987183,0.48247718811035156,-0.1541241854429245,0.5444243550300598,0.37423259019851685,-0.18181759119033813,0.6076400876045227,0.4550231993198395,-0.050310831516981125,0.6315337419509888,0.2809692621231079,-0.09929822385311127,0.6427915096282959,0.15628787875175476,-0.11617239564657211,0.6384516954421997,0.05895489454269409,-0.12875846028327942,0.49943047761917114,0.46525317430496216,-0.04503355175256729,0.5206120014190674,0.34383469820022583,-0.13684314489364624,0.5322573781013489,0.5130083560943604,-0.14330942928791046,0.5241156816482544,0.579006552696228,-0.11765152215957642,0.4072306156158447,0.5020710229873657,-0.048398517072200775,0.40943291783332825,0.41709285974502563,-0.1676093339920044,0.4463372230529785,0.5842366814613342,-0.13307364284992218,0.44190436601638794,0.6489461660385132,-0.07569226622581482,0.3027939200401306,0.5565125942230225,-0.05619267374277115,0.31106704473495483,0.49360930919647217,-0.1512862592935562,0.3577122390270233,0.6160644292831421,-0.12470850348472595,0.3624723553657532,0.670878529548645,-0.08078618347644806,1
0.36672115325927734,0.823621928691864,2.7157998516713633e-08,0.5123715400695801,0.7990118861198425,-0.09393654018640518,0.6450287103652954,0.6218153238296509,-0.12109126150608063,0.6228682994842529,0.42263680696487427,-0.13830965757369995,0.5574777722358704,0.29019778966903687,-0.14874686300754547,0.6381164193153381,0.46797794103622437,-0.024047110229730606,0.6843591332435608,0.2975592613220215,-0.07063864916563034,0.7070714831352234,0.19126704335212708,-0.07967260479927063,0.7160016298294067,0.0902802050113678,-0.08495081961154938,0.5205207467079163,0.45172831416130066,-0.011679036542773247,0.5615600347518921,0.3117148280143738,-0.0983872190117836,0.5480385422706604,0.47691553831100464,-0.10143499076366425,0.528416097164154,0.5330151319503784,-0.07043451070785522,0.41812631487846375,0.4597715139389038,-0.012934306636452675,0.4436573088169098,0.35767799615859985,-0.1375688910484314,0.4475773274898529,0.5401539206504822,-0.1093493178486824,0.43029746413230896,0.5909097790718079,-0.05141502246260643,0.30848395824432373,0.4791851043701172,-0.01873687282204628,0.3453597128391266,0.409807026386261,-0.11473699659109116,0.3547775149345398,0.5411653518676758,-0.09480424225330353,0.336208313703537,0.5858753323554993,-0.055174700915813446,1
0.6430847644805908,0.8559617400169373,1.3796897064821678e-06,0.7107464671134949,0.7251325845718384,-0.08158586919307709,0.654095470905304,0.5407806634902954,-0.10031308978796005,0.5025418996810913,0.4649103581905365,-0.11157304793596268,0.36686062812805176,0.4511246681213379,-0.11838598549365997,0.587519645690918,0.41712766885757446,-0.029182851314544678,0.5393258333206177,0.24085094034671783,-0.0661834329366684,0.5062569379806519,0.13722044229507446,-0.08953829854726791,0.4781372845172882,0.04959779977798462,-0.10394277423620224,0.4928615987300873,0.4588339626789093,-0.024003349244594574,0.38400253653526306,0.28322336077690125,-0.07131074368953705,0.3235052824020386,0.17380282282829285,-0.10030095279216766,0.2706279158592224,0.09105649590492249,-0.10973192751407623,0.4324589967727661,0.5398035645484924,-0.0291182491928339,0.35066527128219604,0.4350550174713135,-0.1364559680223465,0.44319263100624084,0.5090927481651306,-0.15732496976852417,0.5004632472991943,0.5760309100151062,-0.13636170327663422,0.3980976939201355,0.6420516967773438,-0.03710215166211128,0.368324875831604,0.5560054183006287,-0.1427149623632431,0.4579720199108124,0.6131277084350586,-0.15122224390506744,0.5169885158538818,0.6740524768829346,-0.1306956708431244,2
0.6655080318450928,0.9108771085739136,1.6864132703631185e-06,0.7401901483535767,0.7724396586418152,-0.09439416229724884,0.6953692436218262,0.5982104539871216,-0.11608102917671204,0.5489152669906616,0.5247470140457153,-0.12862233817577362,0.423598974943161,0.5201088786125183,-0.13646622002124786,0.6071044206619263,0.42653584480285645,-0.0466938391327858,0.5805827379226685,0.22486019134521484,-0.09204556047916412,0.5544480681419373,0.10133826732635498,-0.1242547482252121,0.5337638854980469,0.001527249813079834,-0.14505252242088318,0.496180921792984,0.4737043082714081,-0.03558938205242157,0.37990355491638184,0.30725157260894775,-0.09259162843227386,0.30225884914398193,0.19333931803703308,-0.13615715503692627,0.24451486766338348,0.1009930968284607,-0.15707312524318695,0.4278087913990021,0.5616699457168579,-0.035007741302251816,0.3481903672218323,0.4837500751018524,-0.13689933717250824,0.4172750413417816,0.5459716320037842,-0.16812780499458313,0.47412601113319397,0.6051709651947021,-0.15735803544521332,0.3853839933872223,0.6685516834259033,-0.03957371786236763,0.3193545937538147,0.6001879572868347,-0.1348995864391327,0.38244694471359253,0.6452162861824036,-0.14634296298027039,0.4423784613609314,0.6941883563995361,-0.1299520879983902,2
0.1833321750164032,0.7747273445129395,1.8863545392378e-06,0.32491248846054077,0.8111112713813782,-0.11019378900527954,0.4653930366039276,0.7209715843200684,-0.13864298164844513,0.4878286123275757,0.56467604637146,-0.15194663405418396,0.4609232544898987,0.44468703866004944,-0.15942658483982086,0.6049748659133911,0.5723829865455627,-0.06301107257604599,0.7828073501586914,0.4731099307537079,-0.10945998132228851,0.881378173828125,0.4017346501350403,-0.14064010977745056,0.9600399732589722,0.34056180715560913,-0.16091515123844147,0.5206299424171448,0.4901825785636902,-0.04719951003789902,0.6387134790420532,0.32395362854003906,-0.1070016399025917,0.7134637236595154,0.2066764235496521,-0.1541775017976761,0.7755412459373474,0.1152799129486084,-0.17681269347667694,0.41616201400756836,0.45760151743888855,-0.04321129247546196,0.46357762813568115,0.3579680621623993,-0.15391747653484344,0.43454673886299133,0.43155497312545776,-0.19489118456840515,0.40804681181907654,0.493270605802536,-0.1889132261276245,0.30128633975982666,0.45382750034332275,-0.04453228786587715,0.3391456604003906,0.3664482831954956,-0.15054312348365784,0.3193032741546631,0.44076430797576904,-0.16901805996894836,0.296466588973999,0.5111767649650574,-0.15607498586177826,2
0.2375824749469757,0.8089661598205566,1.8934586023533484e-06,0.37570899724960327,0.8348402976989746,-0.11659009009599686,0.5001364946365356,0.7243251800537109,-0.14410068094730377,0.49474233388900757,0.5612659454345703,-0.15480412542819977,0.45304998755455017,0.44287991523742676,-0.15728561580181122,0.6205397844314575,0.5639325976371765,-0.062497593462467194,0.7752947807312012,0.43259912729263306,-0.11832065135240555,0.8643923997879028,0.34682798385620117,-0.15246661007404327,0.9356253743171692,0.27627426385879517,-0.17081108689308167,0.5251889228820801,0.48735079169273376,-0.04306589066982269,0.6126294136047363,0.30603286623954773,-0.10964620858430862,0.6626718640327454,0.18284574151039124,-0.15555348992347717,0.7121432423591614,0.08423596620559692,-0.17220793664455414,0.4183201193809509,0.4622887969017029,-0.037824828177690506,0.4444339871406555,0.374697744846344,-0.15762481093406677,0.41109347343444824,0.46932363510131836,-0.19367705285549164,0.3910948634147644,0.5392829179763794,-0.17700077593326569,0.30751651525497437,0.4720894396305084,-0.03846297785639763,0.3286474943161011,0.3893493115901947,-0.14360372722148895,0.3134663701057434,0.4697648882865906,-0.15477347373962402,0.2986597716808319,0.5408572554588318,-0.1327642798423767,2
0.6493585109710693,0.8940346837043762,1.6559184814468608e-06,0.7344164848327637,0.7676677703857422,-0.10897131264209747,0.6833232641220093,0.5979494452476501,-0.12912316620349884,0.5364149808883667,0.5291091799736023,-0.13490960001945496,0.4118978679180145,0.5224721431732178,-0.13250821828842163,0.6135110855102539,0.42345374822616577,-0.0553833432495594,0.5833621025085449,0.21673619747161865,-0.1069241389632225,0.5556955337524414,0.09249633550643921,-0.13990788161754608,0.5324159860610962,-0.007407456636428833,-0.15883687138557434,0.5009661912918091,0.4693240523338318,-0.03981463611125946,0.38437390327453613,0.30233466625213623,-0.10159536451101303,0.30425453186035156,0.1912086308002472,-0.14671091735363007,0.24152424931526184,0.09825590252876282,-0.16542938351631165,0.4265960454940796,0.5531522631645203,-0.03767063096165657,0.3530329465866089,0.49100223183631897,-0.1529330015182495,0.43309280276298523,0.5717849135398865,-0.187971293926239,0.4915922284126282,0.6317459344863892,-0.1728225201368332,0.3820727467536926,0.6572035551071167,-0.04160838574171066,0.3171404004096985,0.5983020663261414,-0.14361926913261414,0.3846437931060791,0.6504888534545898,-0.15500278770923615,0.4404677152633667,0.7030443549156189,-0.13527773320674896,2
0.6006509065628052,0.9488825798034668,1.5786326912348159e-06,0.6907956004142761,0.8115881085395813,-0.09054072201251984,0.6752902269363403,0.6250808238983154,-0.1102912425994873,0.5594916939735413,0.523909866809845,-0.12420396506786346,0.42711716890335083,0.5008791089057922,-0.13260194659233093,0.6034601926803589,0.4403683841228485,-0.021610215306282043,0.60542893409729,0.2478385865688324,-0.049681901931762695,0.5951176881790161,0.12842178344726562,-0.07129720598459244,0.5864267349243164,0.03141704201698303,-0.08485153317451477,0.4955509603023529,0.46660786867141724,-0.013610945083200932,0.4065910875797272,0.282484233379364,-0.05152731016278267,0.3493371903896332,0.1593455970287323,-0.08194348961114883,0.3040516972541809,0.06839650869369507,-0.09359142184257507,0.4159548878669739,0.5436680912971497,-0.017932122573256493,0.36444398760795593,0.46001875400543213,-0.11118393391370773,0.43578723073005676,0.5467371940612793,-0.13911837339401245,0.47843167185783386,0.6204337477684021,-0.12436262518167496,0.3522122800350189,0.6401551365852356,-0.027592383325099945,0.31309905648231506,0.5617693066596985,-0.11397946625947952,0.3817399740219116,0.6177769303321838,-0.12134633958339691,0.4334309995174408,0.6760920882225037,-0.10240773856639862,2
0.25989407300949097,0.7146477699279785,1.3841579402651405e-06,0.3910493552684784,0.7491065859794617,-0.0860927402973175,0.5228744745254517,0.6296958327293396,-0.1073087528347969,0.5111449956893921,0.45779043436050415,-0.11739087104797363,0.47562605142593384,0.335394948720932,-0.12293855100870132,0.6232045888900757,0.5388376712799072,-0.0438876673579216,0.757729709148407,0.4373614490032196,-0.08240801841020584,0.8371702432632446,0.3723970651626587,-0.10689083486795425,0.9012869596481323,0.31757453083992004,-0.12341035157442093,0.5424405336380005,0.46609628200531006,-0.03664781153202057,0.6535192728042603,0.296796977519989,-0.08700811117887497,0.7253932356834412,0.19727876782417297,-0.11952841281890869,0.7810532450675964,0.10926315188407898,-0.13158349692821503,0.44778841733932495,0.4435383975505829,-0.038635335862636566,0.4976074993610382,0.3141466975212097,-0.1497863233089447,0.46909815073013306,0.4237436354160309,-0.1725502759218216,0.43797919154167175,0.500187337398529,-0.15266798436641693,0.34080708026885986,0.4536891579627991,-0.04313169792294502,0.3981510400772095,0.38578274846076965,-0.15795369446277618,0.37917560338974,0.4892035722732544,-0.17060938477516174,0.35306382179260254,0.5639889240264893,-0.15135978162288666,2
0.39511996507644653,0.8197745680809021,1.3807118648401229e-06,0.5230066180229187,0.7728495001792908,-0.09218941628932953,0.5817853212356567,0.6004655957221985,-0.11869620531797409,0.48400020599365234,0.45777320861816406,-0.13318504393100739,0.39458560943603516,0.3647947907447815,-0.14344239234924316,0.6272214651107788,0.4708273410797119,-0.05602124333381653,0.685506284236908,0.31937336921691895,-0.10860807448625565,0.7196072936058044,0.22405201196670532,-0.14310601353645325,0.7489632964134216,0.14292626082897186,-0.16440224647521973,0.5192777514457703,0.4476071298122406,-0.048103976994752884,0.5258562564849854,0.24162301421165466,-0.10914713144302368,0.5355129241943359,0.11568862199783325,-0.14543692767620087,0.5423094034194946,0.008747667074203491,-0.15801669657230377,0.4246063530445099,0.47686025500297546,-0.049835387617349625,0.3969787061214447,0.34638768434524536,-0.1665329784154892,0.4275711476802826,0.4638192355632782,-0.18318898975849152,0.44375473260879517,0.5498300194740295,-0.15694457292556763,0.33841919898986816,0.5452030897140503,-0.054892268031835556,0.3506968319416046,0.4640193581581116,-0.16785404086112976,0.3854658007621765,0.561053454875946,-0.17303544282913208,0.4010807275772095,0.6349493265151978,-0.14756529033184052,2
0.16739511489868164,0.7953168153762817,1.6607408497293363e-06,0.36980393528938293,0.7986744046211243,-0.05942724272608757,0.5549734234809875,0.6746089458465576,-0.052844125777482986,0.6984668374061584,0.5922200083732605,-0.05058039724826813,0.8156909346580505,0.5683141946792603,-0.04665954411029816,0.5103901028633118,0.468508780002594,0.038548994809389114,0.6169949769973755,0.3252105712890625,0.027131473645567894,0.6755176782608032,0.2289789617061615,0.015239806845784187,0.7278810739517212,0.14911618828773499,0.005952730309218168,0.41951629519462585,0.4218929409980774,0.03532298654317856,0.47573041915893555,0.2475394457578659,0.0007010301342234015,0.5283364057540894,0.12406453490257263,-0.033505879342556,0.5728882551193237,0.023158639669418335,-0.047751545906066895,0.31510984897613525,0.4150434732437134,0.01829652488231659,0.33448952436447144,0.31916341185569763,-0.0805945172905922,0.3139336109161377,0.4567495584487915,-0.11058983206748962,0.2959256172180176,0.5552347302436829,-0.09330122172832489,0.203431636095047,0.4259706735610962,-0.0021707797423005104,0.23457744717597961,0.3425721526145935,-0.08730609714984894,0.23974016308784485,0.42830294370651245,-0.09903474897146225,0.24402396380901337,0.49798765778541565,-0.08433818072080612,3
0.19194963574409485,0.8108799457550049,1.5974881080182968e-06,0.38909173011779785,0.8027756214141846,-0.0544561930000782,0.5650838613510132,0.6734806299209595,-0.048002734780311584,0.6962854862213135,0.5912635326385498,-0.04599680006504059,0.8046598434448242,0.5681635141372681,-0.042195554822683334,0.5118085741996765,0.4691297709941864,0.03070397488772869,0.6124593615531921,0.3277863562107086,0.017585692927241325,0.668191134929657,0.2308311015367508,0.005468158517032862,0.7190160751342773,0.1517341136932373,-0.0032853654120117426,0.4197165369987488,0.42655855417251587,0.026215054094791412,0.47502580285072327,0.25757357478141785,-0.00973452813923359,0.5250938534736633,0.1364862024784088,-0.04292037710547447,0.5705903768539429,0.03941476345062256,-0.05652513727545738,0.3169477880001068,0.42223408818244934,0.009816203266382217,0.34741437435150146,0.33400794863700867,-0.08534569293260574,0.3314283490180969,0.46981722116470337,-0.11131731420755386,0.31496304273605347,0.570439875125885,-0.09286730736494064,0.20959773659706116,0.4380464553833008,-0.009758822619915009,0.2470351755619049,0.36109694838523865,-0.09151358902454376,0.2568986117839813,0.4468899965286255,-0.10035818070173264,0.26310670375823975,0.5208240747451782,-0.0838577002286911,3
0.4513155519962311,0.9109736084938049,1.2436191809683805e-06,0.5903446078300476,0.7886711359024048,-0.051040228456258774,0.6468722820281982,0.5807918310165405,-0.04940805584192276,0.7069435119628906,0.43080320954322815,-0.05277114361524582,0.7845249772071838,0.3565106987953186,-0.05649279057979584,0.4940393567085266,0.4595653712749481,-0.0026767475064843893,0.4914359748363495,0.2807183861732483,-0.03184498846530914,0.4779197573661804,0.1709696352481842,-0.05010799691081047,0.4673445224761963,0.07787403464317322,-0.06131895259022713,0.3928926885128021,0.48198357224464417,-0.010258699767291546,0.32228487730026245,0.303753137588501,-0.062152616679668427,0.2778765559196472,0.18028703331947327,-0.10075177252292633,0.23893412947654724,0.0776396095752716,-0.11667273938655853,0.3098108470439911,0.5428344011306763,-0.026168182492256165,0.26061445474624634,0.472694993019104,-0.12241551280021667,0.33386945724487305,0.5803506970405579,-0.1451176553964615,0.3852088451385498,0.6632909178733826,-0.12603473663330078,0.23702369630336761,0.6231029033660889,-0.04492664709687233,0.19844374060630798,0.5513143539428711,-0.11654603481292725,0.2599955201148987,0.6079481840133667,-0.11701558530330658,0.31771495938301086,0.6588361263275146,-0.09644333273172379,3
0.10099881887435913,0.6252578496932983,1.3055769159109332e-06,0.2691984474658966,0.7055584192276001,-0.06973401457071304,0.4823959171772003,0.6673605442047119,-0.07501091063022614,0.6525053977966309,0.6505479216575623,-0.08170078694820404,0.772062361240387,0.6842012405395508,-0.0887693241238594,0.5252354145050049,0.4730720520019531,-0.012234356254339218,0.6924570202827454,0.38147395849227905,-0.04079936817288399,0.7881050109863281,0.3196079432964325,-0.05611970275640488,0.8682410717010498,0.2707980275154114,-0.06352412700653076,0.4582473337650299,0.3942246437072754,-0.011511607095599174,0.581997811794281,0.24375689029693604,-0.05956672132015228,0.667224645614624,0.14384987950325012,-0.095169797539711,0.7321149706840515,0.061013609170913696,-0.10751907527446747,0.36798834800720215,0.35091108083724976,-0.02197873219847679,0.39338675141334534,0.2713858187198639,-0.12218283861875534,0.3287011981010437,0.38881558179855347,-0.15014615654945374,0.28237980604171753,0.4756786823272705,-0.13124167919158936,0.2655973732471466,0.32321006059646606,-0.036070384085178375,0.29871198534965515,0.24234804511070251,-0.11223359405994415,0.27111345529556274,0.31648242473602295,-0.11537286639213562,0.2525314688682556,0.38815605640411377,-0.09486707299947739,3
0.19417724013328552,0.7155585289001465,1.4400698091776576e-06,0.37053364515304565,0.7476710081100464,-0.04895349591970444,0.5537450909614563,0.6564192771911621,-0.04261559993028641,0.6930828094482422,0.607644259929657,-0.039546482264995575,0.7937065362930298,0.6101750135421753,-0.03726891800761223,0.5363131761550903,0.4645588994026184,0.0020750206895172596,0.6629128456115723,0.34655407071113586,-0.01910780556499958,0.7339595556259155,0.2659338414669037,-0.031064951792359352,0.795013964176178,0.20145103335380554,-0.03722251206636429,0.4547501504421234,0.40907374024391174,-0.004379760939627886,0.5392595529556274,0.24622265994548798,-0.04751458391547203,0.6035845875740051,0.13692960143089294,-0.08109431713819504,0.6555310487747192,0.045937180519104004,-0.09321197867393494,0.35638678073883057,0.38962098956108093,-0.019123507663607597,0.38815656304359436,0.3170703947544098,-0.1153145432472229,0.35807937383651733,0.4472571015357971,-0.13942790031433105,0.32966679334640503,0.5388729572296143,-0.11954954266548157,0.24778205156326294,0.3895045816898346,-0.03562348708510399,0.287600040435791,0.3114936351776123,-0.11476314067840576,0.29227930307388306,0.39572158455848694,-0.11863932758569717,0.29236406087875366,0.46932387351989746,-0.09869913756847382,3
0.11011189222335815,0.6612565517425537,1.8232027514386573e-06,0.2760735750198364,0.7284228801727295,-0.10429425537586212,0.4822809100151062,0.7075280547142029,-0.1366199105978012,0.6536625623703003,0.6687497496604919,-0.16233941912651062,0.7890582084655762,0.6397748589515686,-0.18531641364097595,0.5197651386260986,0.49837276339530945,-0.05964182689785957,0.6870759725570679,0.39800137281417847,-0.11938963830471039,0.7885057926177979,0.33327436447143555,-0.15548934042453766,0.877797544002533,0.27240246534347534,-0.17641305923461914,0.4488999545574188,0.41127505898475647,-0.04941726475954056,0.562181830406189,0.24899490177631378,-0.12950024008750916,0.6426573991775513,0.13844701647758484,-0.1798686981201172,0.7115421891212463,0.03861194849014282,-0.1988467574119568,0.35091066360473633,0.3752640187740326,-0.051327385008335114,0.3712139129638672,0.28068140149116516,-0.1843574494123459,0.30341440439224243,0.4086846113204956,-0.21109811961650848,0.26561063528060913,0.49943625926971436,-0.18582171201705933,0.23919585347175598,0.37147635221481323,-0.05824041739106178,0.2497144341468811,0.3131992816925049,-0.17320962250232697,0.21162837743759155,0.42016109824180603,-0.18335698544979095,0.1960909068584442,0.5062931180000305,-0.15875378251075745,3
0.31959453225135803,0.8742197155952454,1.891326178338204e-06,0.48714566230773926,0.8163208961486816,-0.10594221204519272,0.6284638047218323,0.6583681106567383,-0.13801397383213043,0.738114595413208,0.5207058787345886,-0.16235151886940002,0.8252684473991394,0.41126111149787903,-0.1845340132713318,0.5097748041152954,0.48860225081443787,-0.06775370985269547,0.5656391382217407,0.3049389719963074,-0.12713685631752014,0.6005892753601074,0.18865236639976501,-0.16409315168857574,0.6281771659851074,0.08314543962478638,-0.18661724030971527,0.39739173650741577,0.47309020161628723,-0.05823816731572151,0.3740897476673126,0.2724002003669739,-0.1346374899148941,0.3639920949935913,0.13602587580680847,-0.18236222863197327,0.34915921092033386,0.01425066590309143,-0.20109742879867554,0.2993985414505005,0.5126610398292542,-0.06118214502930641,0.2539080083370209,0.4218181371688843,-0.19138053059577942,0.2942710518836975,0.5657920837402344,-0.21741661429405212,0.3294999599456787,0.6597310304641724,-0.19359911978244781,0.21308013796806335,0.5863182544708252,-0.06955377012491226,0.19061711430549622,0.5295225381851196,-0.18436816334724426,0.23637722432613373,0.6296287775039673,-0.19714976847171783,0.2806677520275116,0.6994710564613342,-0.17619241774082184,3
0.38313448429107666,0.903935432434082,2.0699214928754373e-06,0.5401929020881653,0.8073179721832275,-0.10410038381814957,0.6495590209960938,0.6387693881988525,-0.14100809395313263,0.7318419218063354,0.4818967878818512,-0.16985581815242767,0.7987364530563354,0.3587454855442047,-0.19477298855781555,0.5099981427192688,0.4851873517036438,-0.0675080418586731,0.5352751016616821,0.2872377336025238,-0.12629444897174835,0.5495889186859131,0.16802489757537842,-0.1614387035369873,0.5584294199943542,0.05898323655128479,-0.18322691321372986,0.39707815647125244,0.486079603433609,-0.056577250361442566,0.3407267928123474,0.2973310351371765,-0.14379076659679413,0.30870872735977173,0.16586482524871826,-0.19852398335933685,0.2762320041656494,0.047595590353012085,-0.22116170823574066,0.3067668080329895,0.5433725118637085,-0.055938493460416794,0.24649110436439514,0.46649301052093506,-0.1893054097890854,0.31017136573791504,0.5981094837188721,-0.21393796801567078,0.3625774383544922,0.6814598441123962,-0.18854962289333344,0.23607951402664185,0.6309769153594971,-0.06008013337850571,0.20040839910507202,0.5826672315597534,-0.17396540939807892,0.26298972964286804,0.6737056374549866,-0.18426400423049927,0.3193467855453491,0.7322332859039307,-0.1611456274986267,3
0.4413190186023712,0.9400777816772461,1.1790631333497004e-06,0.6047859787940979,0.7956862449645996,-0.07640912383794785,0.677988588809967,0.5897992849349976,-0.06824946403503418,0.71827232837677,0.41867178678512573,-0.061165597289800644,0.7666585445404053,0.3010910749435425,-0.049290962517261505,0.5062792897224426,0.44744884967803955,0.05510813370347023,0.503563642501831,0.2658839523792267,0.04396851360797882,0.4895786941051483,0.15810802578926086,0.028116008266806602,0.4748150706291199,0.05832979083061218,0.012666079215705395,0.4020528495311737,0.4631814956665039,0.06365633010864258,0.3288590908050537,0.2953661382198334,0.025100303813815117,0.28125,0.17147395014762878,-0.017457935959100723,0.23492194712162018,0.06738647818565369,-0.03968409076333046,0.31721368432044983,0.5240993499755859,0.05527222156524658,0.23952867090702057,0.4363572597503662,-0.04540190473198891,0.30499961972236633,0.5594246983528137,-0.08238616585731506,0.35668373107910156,0.6432687044143677,-0.07289628684520721,0.23865167796611786,0.6107353568077087,0.041500840336084366,0.1909809410572052,0.5492962598800659,-0.052788808941841125,0.24527886509895325,0.6260894536972046,-0.07775429636240005,0.3024689555168152,0.6820304989814758,-0.07256713509559631,3
0.3983447551727295,0.9226033687591553,1.3433119647743297e-06,0.5886231064796448,0.7960010766983032,-0.05739402770996094,0.676010251045227,0.6031993627548218,-0.039152033627033234,0.7327946424484253,0.449203222990036,-0.026152238249778748,0.7903001308441162,0.34699729084968567,-0.009948115795850754,0.5180339813232422,0.44604822993278503,0.06956981122493744,0.5384321212768555,0.2730105221271515,0.06431996822357178,0.5371860861778259,0.16771343350410461,0.05243363976478577,0.5325030088424683,0.07177963852882385,0.039523620158433914,0.4092889428138733,0.44935721158981323,0.06798149645328522,0.36577853560447693,0.2738647758960724,0.029030077159404755,0.33479171991348267,0.14137905836105347,-0.014940932393074036,0.3012312352657318,0.03343507647514343,-0.03735189884901047,0.31712669134140015,0.5008074641227722,0.05154082924127579,0.27391350269317627,0.3974664807319641,-0.05144873633980751,0.33062052726745605,0.5268874168395996,-0.08844094723463058,0.3674774169921875,0.6147729158401489,-0.07738267630338669,0.23046782612800598,0.5761253833770752,0.03170075640082359,0.20995768904685974,0.4943075180053711,-0.06361999362707138,0.2603023648262024,0.5702165365219116,-0.08723768591880798,0.3044571280479431,0.6258476972579956,-0.08104787766933441,3
0.47016721963882446,0.9146993160247803,1.257230792361952e-06,0.5871148705482483,0.8433458209037781,-0.09098643809556961,0.6608402132987976,0.677207887172699,-0.1260189265012741,0.5937755107879639,0.5150837302207947,-0.1464560180902481,0.4975070059299469,0.4311211407184601,-0.1632353961467743,0.7060326337814331,0.5215295553207397,-0.08380815386772156,0.7820993661880493,0.3360576033592224,-0.1291591227054596,0.8135125041007996,0.2140544056892395,-0.1599522978067398,0.8366961479187012,0.1177959144115448,-0.18372108042240143,0.6055135726928711,0.4838411211967468,-0.0726759135723114,0.6480516791343689,0.2847949266433716,-0.1067676767706871,0.6645014882087708,0.16156962513923645,-0.13168948888778687,0.6758792400360107,0.06139370799064636,-0.14953967928886414,0.5082557201385498,0.4923887252807617,-0.07179611176252365,0.47449663281440735,0.3037015199661255,-0.12004534155130386,0.45648860931396484,0.18703362345695496,-0.1553037017583847,0.4398074150085449,0.09337514638900757,-0.17769157886505127,0.4090081453323364,0.5419334173202515,-0.07775823771953583,0.34150800108909607,0.4113577604293823,-0.13634715974330902,0.2990696132183075,0.32549500465393066,-0.16723112761974335,0.2629092037677765,0.24633486568927765,-0.18451230227947235,4
0.21931999921798706,0.810633659362793,1.1356684126440086e-06,0.35228192806243896,0.8372251987457275,-0.08943384885787964,0.5178950428962708,0.7556886672973633,-0.12511777877807617,0.5732190012931824,0.5903407335281372,-0.14553841948509216,0.5553434491157532,0.4660588204860687,-0.16439762711524963,0.6416363716125488,0.6583493947982788,-0.0940757617354393,0.8124421834945679,0.5697644948959351,-0.14491410553455353,0.9119588136672974,0.4970450699329376,-0.18081732094287872,0.9911667108535767,0.43638354539871216,-0.20801480114459991,0.5887452363967896,0.5649707913398743,-0.08396627008914948,0.7433444261550903,0.43602225184440613,-0.12240307778120041,0.8380758762359619,0.34863102436065674,-0.15043491125106812,0.9148447513580322,0.27402418851852417,-0.17154498398303986,0.5102020502090454,0.5094508528709412,-0.08299906551837921,0.6063592433929443,0.34390419721603394,-0.13383521139621735,0.6732031106948853,0.24614490568637848,-0.17000891268253326,0.7253504991531372,0.16504260897636414,-0.19367501139640808,0.4036564230918884,0.4844922423362732,-0.08831312507390976,0.4320528507232666,0.34143441915512085,-0.14891280233860016,0.4538498520851135,0.24787160754203796,-0.18091510236263275,0.47763141989707947,0.16153234243392944,-0.19958284497261047,4
0.5579521059989929,0.9332304000854492,1.1282180594207603e-06,0.6624862551689148,0.8344900608062744,-0.09347072243690491,0.7035212516784668,0.6530537009239197,-0.1279391497373581,0.6067800521850586,0.5018935203552246,-0.14840629696846008,0.49318793416023254,0.4377516508102417,-0.1656736582517624,0.711937665939331,0.48742854595184326,-0.08101233094930649,0.7559602856636047,0.29556602239608765,-0.1302807331085205,0.7648886442184448,0.17133283615112305,-0.1653662472963333,0.7703030109405518,0.07084214687347412,-0.1912422925233841,0.6073594093322754,0.46963322162628174,-0.0696679875254631,0.6080783009529114,0.26831039786338806,-0.10346361994743347,0.5987558364868164,0.14276468753814697,-0.12658169865608215,0.5899187326431274,0.03879278898239136,-0.14394183456897736,0.5144249796867371,0.49700847268104553,-0.07023391872644424,0.4508815407752991,0.31526243686676025,-0.1198086068034172,0.4117664098739624,0.20047792792320251,-0.15327656269073486,0.37681907415390015,0.10814675688743591,-0.1742536574602127,0.4250779449939728,0.5647681951522827,-0.07846350222826004,0.33728891611099243,0.4507100582122803,-0.1383124589920044,0.2756136655807495,0.3713589310646057,-0.1700039803981781,0.2183501124382019,0.2968418002128601,-0.18776941299438477,4
0.4413408041000366,0.8256704807281494,1.1605536656134063e-06,0.5430174469947815,0.7621856927871704,-0.10389582067728043,0.5969906449317932,0.613406240940094,-0.13564567267894745,0.5208172798156738,0.4727984666824341,-0.14927400648593903,0.43332573771476746,0.40061667561531067,-0.15882422029972076,0.6764521598815918,0.4685985743999481,-0.07259045541286469,0.7409399747848511,0.303661972284317,-0.11520756036043167,0.7692369222640991,0.1932419240474701,-0.1540733426809311,0.7925706505775452,0.10093238949775696,-0.1847386211156845,0.5784788727760315,0.4361223578453064,-0.050450410693883896,0.6175338625907898,0.26063141226768494,-0.08114534616470337,0.6330959796905518,0.14944764971733093,-0.11886590719223022,0.6492244005203247,0.05756908655166626,-0.14773935079574585,0.484348326921463,0.44458043575286865,-0.04000743106007576,0.48906031250953674,0.27637720108032227,-0.08224626630544662,0.4933486878871918,0.16951584815979004,-0.12756603956222534,0.4998905658721924,0.08158448338508606,-0.15833096206188202,0.3923233151435852,0.48891398310661316,-0.037878382951021194,0.352678120136261,0.3642297387123108,-0.08814562112092972,0.32566654682159424,0.2845749258995056,-0.12007244676351547,0.3067050278186798,0.2080780565738678,-0.14034052193164825,4
0.5795985460281372,0.9031800031661987,1.3137998848833377e-06,0.6793880462646484,0.8038106560707092,-0.09413321316242218,0.7011913061141968,0.6288328170776367,-0.1291915625333786,0.5794458985328674,0.4991696774959564,-0.14810924232006073,0.4587492048740387,0.4532081186771393,-0.16359014809131622,0.6760629415512085,0.4687005877494812,-0.09006994217634201,0.690172553062439,0.2689390182495117,-0.13271640241146088,0.6863598823547363,0.14866596460342407,-0.16617390513420105,0.680629312992096,0.04888486862182617,-0.19334667921066284,0.5597546100616455,0.46243491768836975,-0.07664193212985992,0.5385911464691162,0.2549417018890381,-0.1093587726354599,0.5221121907234192,0.12571105360984802,-0.14344999194145203,0.5069271326065063,0.025881648063659668,-0.16927675902843475,0.4687899947166443,0.5016577243804932,-0.07150676846504211,0.404657244682312,0.31632596254348755,-0.11255588382482529,0.37198030948638916,0.2065645456314087,-0.15585848689079285,0.34497377276420593,0.12307420372962952,-0.1858055740594864,0.39094656705856323,0.580377995967865,-0.07318209111690521,0.29462388157844543,0.46659788489341736,-0.12584859132766724,0.23635271191596985,0.39586514234542847,-0.1584964245557785,0.1869620382785797,0.3321070671081543,-0.17804698646068573,4
0.5723546147346497,0.803382396697998,1.1542121001184569e-06,0.664253830909729,0.7143106460571289,-0.09980764240026474,0.6513034105300903,0.5619189143180847,-0.11727041751146317,0.5135518312454224,0.4768943786621094,-0.11893477290868759,0.41348183155059814,0.46428370475769043,-0.11366681754589081,0.6857293844223022,0.38515517115592957,-0.03309652954339981,0.7142109274864197,0.22139601409435272,-0.049375832080841064,0.7242521643638611,0.11429479718208313,-0.06656278669834137,0.7285575866699219,0.03200504183769226,-0.07899002730846405,0.5827636122703552,0.38216209411621094,-0.0017331327544525266,0.5683518648147583,0.221757173538208,0.0021147301886230707,0.5476348996162415,0.12343695759773254,0.000405020167818293,0.5299689173698425,0.05103465914726257,-0.00012404340668581426,0.49782857298851013,0.41390156745910645,0.014228354208171368,0.4489228129386902,0.28159046173095703,0.0044027334079146385,0.41985294222831726,0.19420604407787323,-0.008463004603981972,0.39426642656326294,0.1286293864250183,-0.014345035888254642,0.4178433418273926,0.4722878336906433,0.018800800666213036,0.34157949686050415,0.37639564275741577,-0.004493685904890299,0.29471355676651,0.3185422420501709,-0.016659671440720558,0.25429195165634155,0.26362183690071106,-0.020028363913297653,4
0.7231128811836243,0.7247854471206665,9.64775722422928e-07,0.7948516607284546,0.5759143829345703,-0.07354217022657394,0.7295993566513062,0.41006866097450256,-0.08684848994016647,0.5652241110801697,0.4038005769252777,-0.08965068310499191,0.4752225875854492,0.4806535840034485,-0.08948522061109543,0.608195960521698,0.3076263666152954,-0.0353359654545784,0.5485458374023438,0.15401431918144226,-0.05565464124083519,0.49724704027175903,0.06251749396324158,-0.07659435272216797,0.44953104853630066,-0.004772990942001343,-0.09583938121795654,0.5022140145301819,0.35854899883270264,-0.025491386651992798,0.3823509216308594,0.2321046143770218,-0.038884371519088745,0.31363099813461304,0.15143932402133942,-0.055382516235113144,0.25994569063186646,0.09959658980369568,-0.06696512550115585,0.4410680830478668,0.4285373389720917,-0.025356754660606384,0.3044787645339966,0.33029574155807495,-0.05186636000871658,0.23108258843421936,0.2550314962863922,-0.07555336505174637,0.17109757661819458,0.20477376878261566,-0.08948640525341034,0.4027346968650818,0.5160197615623474,-0.03223918750882149,0.2841024398803711,0.4523579478263855,-0.06659948080778122,0.212759867310524,0.40035170316696167,-0.08337146043777466,0.149723082780838,0.3581826388835907,-0.09158835560083389,4
0.21105745434761047,0.8050894737243652,1.10726489310764e-06,0.35229259729385376,0.8385255336761475,-0.08446454256772995,0.5154134631156921,0.7538883686065674,-0.11089873313903809,0.5437097549438477,0.5820351243019104,-0.1261451542377472,0.49422064423561096,0.4594639539718628,-0.1392063945531845,0.6358354687690735,0.6270505785942078,-0.06315159797668457,0.8072386980056763,0.5308563113212585,-0.10117897391319275,0.9089497923851013,0.46673116087913513,-0.13310839235782623,0.9883859753608704,0.41184771060943604,-0.15891341865062714,0.5743026733398438,0.526977002620697,-0.054775726050138474,0.7215273976325989,0.38521069288253784,-0.08428239077329636,0.8127005100250244,0.2948494255542755,-0.11644784361124039,0.8783069849014282,0.22377583384513855,-0.14030079543590546,0.49057525396347046,0.47502419352531433,-0.05618427321314812,0.6007227897644043,0.31413474678993225,-0.09274604916572571,0.6692703366279602,0.2180033028125763,-0.1321125030517578,0.7215443253517151,0.14089161157608032,-0.15957587957382202,0.38574081659317017,0.45568761229515076,-0.0650085061788559,0.4431522488594055,0.321818470954895,-0.11026688665151596,0.4825816750526428,0.2355954647064209,-0.13892985880374908,0.5184844732284546,0.15949022769927979,-0.15693041682243347,4
0.5493642091751099,0.9219832420349121,1.183138920168858e-06,0.6568719744682312,0.8209055662155151,-0.08505282551050186,0.6865807771682739,0.6522125005722046,-0.11663442105054855,0.5674194097518921,0.5304676294326782,-0.13775435090065002,0.4464998245239258,0.4867038130760193,-0.15601252019405365,0.6826855540275574,0.4771488308906555,-0.0662650614976883,0.7175453901290894,0.2833682894706726,-0.11058946698904037,0.7285972237586975,0.16229718923568726,-0.14702977240085602,0.7357063293457031,0.061680734157562256,-0.1755821406841278,0.5699681043624878,0.4614695608615875,-0.059119220823049545,0.5636630058288574,0.26281261444091797,-0.09490703791379929,0.5563554763793945,0.13463231921195984,-0.13100935518741608,0.5490710139274597,0.03506705164909363,-0.1578012853860855,0.4769482910633087,0.49293142557144165,-0.061850640922784805,0.42210566997528076,0.31246140599250793,-0.10128065943717957,0.3904533386230469,0.20062899589538574,-0.14066526293754578,0.3656643033027649,0.11198148131370544,-0.16837765276432037,0.39645665884017944,0.5632010698318481,-0.07212252169847488,0.3218127489089966,0.4379996657371521,-0.11568457633256912,0.27973097562789917,0.35580846667289734,-0.1420627385377884,0.24529814720153809,0.28172361850738525,-0.1589357554912567,4
0.5387021899223328,0.9469317197799683,1.4630959412897937e-06,0.6651121973991394,0.8373148441314697,-0.11082688719034195,0.7470318078994751,0.6766698956489563,-0.16832175850868225,0.8102373480796814,0.5274848937988281,-0.21343715488910675,0.8909925222396851,0.41159382462501526,-0.257747620344162,0.5372275710105896,0.495240181684494,-0.10583820194005966,0.5133812427520752,0.31072568893432617,-0.16452817618846893,0.48831164836883545,0.19320794939994812,-0.21203777194023132,0.4637596607208252,0.0917637050151825,-0.2488425225019455,0.43059295415878296,0.5105607509613037,-0.09475996345281601,0.36643970012664795,0.32475948333740234,-0.14734457433223724,0.31995347142219543,0.20176753401756287,-0.19417978823184967,0.27928656339645386,0.09825652837753296,-0.22904042899608612,0.3454093933105469,0.5679510235786438,-0.09464849531650543,0.2575972080230713,0.4051801562309265,-0.14866873621940613,0.2034580558538437,0.3030390441417694,-0.1926475614309311,0.16092246770858765,0.21287119388580322,-0.2229853719472885,0.28166723251342773,0.6599273085594177,-0.10419125109910965,0.1715855598449707,0.5748902559280396,-0.15940050780773163,0.0997629463672638,0.5177763104438782,-0.19018487632274628,0.036880701780319214,0.4571684002876282,-0.20879806578159332,5
0.19260451197624207,0.7995743751525879,1.8332257241127081e-06,0.3548443913459778,0.8325330018997192,-0.12238959968090057,0.5183717012405396,0.7968709468841553,-0.18979701399803162,0.6664600968360901,0.7509326934814453,-0.24124273657798767,0.8060358762741089,0.7361136078834534,-0.2914544343948364,0.5237942934036255,0.5173453688621521,-0.12214991450309753,0.6490528583526611,0.38316312432289124,-0.18414147198200226,0.725746214389801,0.2886078953742981,-0.23341214656829834,0.7878260612487793,0.20781783759593964,-0.26986607909202576,0.44175708293914795,0.44475942850112915,-0.10381976515054703,0.5447949171066284,0.28048455715179443,-0.1546124964952469,0.6125664114952087,0.17011678218841553,-0.19826266169548035,0.6687625646591187,0.07908251881599426,-0.22973845899105072,0.34413379430770874,0.41440194845199585,-0.09698373824357986,0.4154033362865448,0.249897301197052,-0.14856268465518951,0.46460387110710144,0.14540693163871765,-0.19127541780471802,0.5087867379188538,0.05940425395965576,-0.21972094476222992,0.2366262972354889,0.42454028129577637,-0.10031608492136002,0.23329418897628784,0.2910109758377075,-0.152146577835083,0.23324503004550934,0.2028786540031433,-0.18135440349578857,0.23996561765670776,0.11973303556442261,-0.19839763641357422,5
0.22325390577316284,0.8097262978553772,1.679292950029776e-06,0.3907453417778015,0.8351763486862183,-0.10594816505908966,0.563026487827301,0.78806471824646,-0.16137348115444183,0.708217978477478,0.7343201637268066,-0.2032240629196167,0.8412026762962341,0.7101835012435913,-0.2449125498533249,0.5570868253707886,0.5172122120857239,-0.10257988423109055,0.6745291352272034,0.3832768201828003,-0.15513239800930023,0.7453140616416931,0.2869664430618286,-0.19845712184906006,0.7996562719345093,0.20300981402397156,-0.2326371967792511,0.4705590307712555,0.4476040303707123,-0.09332645684480667,0.5676912069320679,0.2840661406517029,-0.13823449611663818,0.6278233528137207,0.171726256608963,-0.18055278062820435,0.674384355545044,0.07587483525276184,-0.212183877825737,0.36837098002433777,0.42127537727355957,-0.0947422981262207,0.43971067667007446,0.25795555114746094,-0.14628028869628906,0.48788198828697205,0.15135958790779114,-0.19194695353507996,0.5289326310157776,0.05936598777770996,-0.222957581281662,0.2557438611984253,0.43507683277130127,-0.10457365959882736,0.24261310696601868,0.29882678389549255,-0.16126635670661926,0.23370444774627686,0.20760881900787354,-0.19452403485774994,0.23288044333457947,0.11872109770774841,-0.21430207788944244,5
0.7030038833618164,0.8750988245010376,1.532478563603945e-06,0.7836354374885559,0.7259925603866577,-0.10639671236276627,0.7933652400970459,0.5424461364746094,-0.1585894078016281,0.7893662452697754,0.3805913031101227,-0.19720976054668427,0.8161183595657349,0.2469898760318756,-0.23496189713478088,0.5388373136520386,0.45392489433288574,-0.09629503637552261,0.451306015253067,0.2962382137775421,-0.14536845684051514,0.38568052649497986,0.19679462909698486,-0.1862013041973114,0.3272610902786255,0.11688044667243958,-0.21880745887756348,0.44424301385879517,0.5106747150421143,-0.08467726409435272,0.32359620928764343,0.36270907521247864,-0.12717609107494354,0.23686836659908295,0.26784032583236694,-0.16789697110652924,0.16309037804603577,0.1907210350036621,-0.19860781729221344,0.38302356004714966,0.5964943170547485,-0.08398521691560745,0.24886617064476013,0.47157037258148193,-0.1316545307636261,0.1639963984489441,0.3933209180831909,-0.1752583533525467,0.09410285949707031,0.32627642154693604,-0.20576275885105133,0.3538552522659302,0.7079827785491943,-0.09224022179841995,0.21908269822597504,0.6722933650016785,-0.14580650627613068,0.1302480697631836,0.6502524018287659,-0.17765645682811737,0.048693329095840454,0.6213173866271973,-0.19684070348739624,5
0.145836740732193,0.7423375844955444,1.4070308225200279e-06,0.2913190424442291,0.8273400068283081,-0.10545630007982254,0.478708952665329,0.8210568428039551,-0.1371883749961853,0.6349502205848694,0.7688170075416565,-0.155938521027565,0.7626422643661499,0.7535848617553711,-0.17254406213760376,0.5787315964698792,0.5687812566757202,-0.07845284789800644,0.7517985701560974,0.48764148354530334,-0.11453481018543243,0.8590335845947266,0.43476778268814087,-0.14271476864814758,0.9455054998397827,0.3863449692726135,-0.16717921197414398,0.523454487323761,0.4640631079673767,-0.06214029714465141,0.6831977367401123,0.3443394899368286,-0.09203316271305084,0.7871248722076416,0.2760092318058014,-0.12475279718637466,0.8710751533508301,0.21853816509246826,-0.15034884214401245,0.43646863102912903,0.403251051902771,-0.05807141214609146,0.5567412376403809,0.2595721483230591,-0.10204862058162689,0.6370956301689148,0.17567914724349976,-0.14924556016921997,0.7074880003929138,0.10426869988441467,-0.18328620493412018,0.3201015293598175,0.3782091438770294,-0.0630328506231308,0.353924959897995,0.24235904216766357,-0.12042827904224396,0.3791610598564148,0.15405869483947754,-0.1608767807483673,0.4115244746208191,0.07594093680381775,-0.18661245703697205,5
0.14927813410758972,0.7512142062187195,1.5390718317576102e-06,0.3025703728199005,0.8385558128356934,-0.10982583463191986,0.48809078335762024,0.8332576751708984,-0.1496986299753189,0.6430110335350037,0.7836023569107056,-0.173701211810112,0.7709017395973206,0.7647005319595337,-0.19472290575504303,0.5776382684707642,0.5773060321807861,-0.09409405291080475,0.7565378546714783,0.498320609331131,-0.13998761773109436,0.8659155964851379,0.44053053855895996,-0.1753859519958496,0.9527593851089478,0.3890533447265625,-0.20313622057437897,0.5212790369987488,0.47450587153434753,-0.07420884072780609,0.6834234595298767,0.3583717942237854,-0.11527475714683533,0.7887582778930664,0.2813130021095276,-0.15306971967220306,0.8714004755020142,0.21834760904312134,-0.1801004707813263,0.43404120206832886,0.41075795888900757,-0.06540616601705551,0.5556672811508179,0.26954156160354614,-0.1152861937880516,0.636858344078064,0.18249568343162537,-0.1604491025209427,0.7077409029006958,0.11224493384361267,-0.19075413048267365,0.3172643184661865,0.38263511657714844,-0.06507470458745956,0.3503898084163666,0.2486664354801178,-0.12478163093328476,0.3755016028881073,0.15845337510108948,-0.16101622581481934,0.40671563148498535,0.07748842239379883,-0.18136079609394073,5
0.19247791171073914,0.8047218322753906,1.3809814163323608e-06,0.37841591238975525,0.824307918548584,-0.07661720365285873,0.5656666159629822,0.7566754817962646,-0.10700103640556335,0.7179198265075684,0.6828097701072693,-0.12954603135585785,0.8466060161590576,0.6712153553962708,-0.15146391093730927,0.5494982600212097,0.5001227855682373,-0.04661807790398598,0.6810080409049988,0.3741018772125244,-0.07932765781879425,0.7554749250411987,0.2905312776565552,-0.11024130135774612,0.8123761415481567,0.22017110884189606,-0.13522088527679443,0.46953022480010986,0.4312525689601898,-0.041875336319208145,0.5793282389640808,0.272716224193573,-0.06714019179344177,0.6471537351608276,0.1706511378288269,-0.09685488790273666,0.6999595165252686,0.08330726623535156,-0.12019596248865128,0.3716152310371399,0.39603427052497864,-0.047762949019670486,0.45220401883125305,0.22672629356384277,-0.08368606120347977,0.5069157481193542,0.12152644991874695,-0.12095638364553452,0.552095890045166,0.035151660442352295,-0.1465061455965042,0.25542151927948,0.3937867283821106,-0.06068611145019531,0.2657579779624939,0.24661007523536682,-0.10403890907764435,0.2765735685825348,0.14819148182868958,-0.13110411167144775,0.2919546961784363,0.05775648355484009,-0.14743921160697937,5
0.6468444466590881,0.837436318397522,1.2016403161396738e-06,0.7129645347595215,0.6781362891197205,-0.08069346845149994,0.7253041863441467,0.4898431599140167,-0.1146373599767685,0.7251379489898682,0.32177314162254333,-0.14159497618675232,0.7429336309432983,0.18974530696868896,-0.16641101241111755,0.5045493245124817,0.40285322070121765,-0.03974299877882004,0.43601319193840027,0.2401241958141327,-0.07681146264076233,0.39041945338249207,0.14447006583213806,-0.11277104914188385,0.34857437014579773,0.06343403458595276,-0.14107999205589294,0.4140598177909851,0.4494871199131012,-0.032997455447912216,0.31019651889801025,0.3023090958595276,-0.061162084341049194,0.24343475699424744,0.20897288620471954,-0.09502214938402176,0.18838374316692352,0.13281753659248352,-0.12122378498315811,0.3514896333217621,0.5243414640426636,-0.03792775422334671,0.23471719026565552,0.40344250202178955,-0.07159603387117386,0.1653580665588379,0.32684269547462463,-0.10284732282161713,0.11052048206329346,0.2583733797073364,-0.12538333237171173,0.3141988515853882,0.6258937120437622,-0.05125880613923073,0.19884970784187317,0.5725364685058594,-0.0881493091583252,0.12433886528015137,0.536288857460022,-0.10706428438425064,0.05893579125404358,0.49356645345687866,-0.11820527166128159,5
0.5372377038002014,0.8548416495323181,1.2156502862126217e-06,0.6567041277885437,0.7168519496917725,-0.07138129323720932,0.7296513319015503,0.5421387553215027,-0.09691429138183594,0.7819153070449829,0.3861868381500244,-0.11791206896305084,0.8345927000045776,0.270469069480896,-0.1368722915649414,0.5373724102973938,0.40036246180534363,-0.017076632007956505,0.5297642350196838,0.22714653611183167,-0.046006940305233,0.5204926133155823,0.12525969743728638,-0.0782766044139862,0.5091346502304077,0.03924959897994995,-0.10400435328483582,0.4381415545940399,0.41769757866859436,-0.012365899048745632,0.3902381658554077,0.2454310655593872,-0.033447347581386566,0.35922443866729736,0.1368858516216278,-0.06567735970020294,0.3336367607116699,0.049418091773986816,-0.0912991464138031,0.35473310947418213,0.468534916639328,-0.01973177120089531,0.28457319736480713,0.31477728486061096,-0.04908807575702667,0.2422882318496704,0.2197152078151703,-0.08124927431344986,0.21127104759216309,0.1394544243812561,-0.10475558787584305,0.28498122096061707,0.5518468022346497,-0.03482406586408615,0.19224295020103455,0.4624807834625244,-0.06971348077058792,0.12979808449745178,0.40170735120773315,-0.08933912962675095,0.0790959894657135,0.33792605996131897,-0.10122102499008179,5
0.6548526287078857,0.8244826793670654,1.16689352580579e-06,0.7199654579162598,0.6561392545700073,-0.07625941932201385,0.7295874357223511,0.46527406573295593,-0.10347418487071991,0.7274841070175171,0.2985118627548218,-0.12508666515350342,0.736225426197052,0.169457346200943,-0.14448049664497375,0.5026588439941406,0.3934401273727417,-0.022908981889486313,0.43587055802345276,0.23502078652381897,-0.053237903863191605,0.3917215168476105,0.14206740260124207,-0.08521819114685059,0.3518366813659668,0.06532913446426392,-0.11025141179561615,0.41322726011276245,0.44421273469924927,-0.015621750615537167,0.3075655400753021,0.29997286200523376,-0.035422831773757935,0.2411552369594574,0.21047043800354004,-0.06415145099163055,0.1872105747461319,0.1382637917995453,-0.08696312457323074,0.35171693563461304,0.5203438401222229,-0.02099193073809147,0.2324514091014862,0.4019303023815155,-0.04812166467308998,0.1603907346725464,0.327947735786438,-0.07742207497358322,0.10361814498901367,0.26209455728530884,-0.09929827600717545,0.31489863991737366,0.6216867566108704,-0.03491537645459175,0.2001287192106247,0.5702158212661743,-0.06838860362768173,0.12235161662101746,0.5343355536460876,-0.08734223246574402,0.05422446131706238,0.4909040927886963,-0.09885752946138382,5
0.2647598385810852,0.7859680652618408,1.2259077948328923e-06,0.3905903398990631,0.7922487258911133,-0.10322185605764389,0.5089080333709717,0.700507402420044,-0.13464021682739258,0.4810033440589905,0.533774197101593,-0.14575473964214325,0.4192514419555664,0.4239722490310669,-0.1555897742509842,0.6370462775230408,0.5450646877288818,-0.07237350195646286,0.7767831087112427,0.4131043553352356,-0.10642963647842407,0.8540719747543335,0.3325119614601135,-0.1392623633146286,0.9176713228225708,0.2589907646179199,-0.1657913625240326,0.5621058940887451,0.4670172929763794,-0.05270560830831528,0.6780304312705994,0.31542831659317017,-0.08376070857048035,0.7394239902496338,0.22330090403556824,-0.1226072832942009,0.793476939201355,0.14339813590049744,-0.14864696562290192,0.47562840580940247,0.4357650876045227,-0.04239029809832573,0.5564529299736023,0.276961088180542,-0.10249625146389008,0.6080038547515869,0.1751929223537445,-0.15810447931289673,0.6521240472793579,0.08618113398551941,-0.1912221759557724,0.36844635009765625,0.44716590642929077,-0.03707309067249298,0.4187277555465698,0.32448798418045044,-0.0998881608247757,0.4272257387638092,0.3631284832954407,-0.1150066927075386,0.4260168671607971,0.4258558452129364,-0.1178402230143547,6
0.28025197982788086,0.7736178636550903,1.1898636103069293e-06,0.41663068532943726,0.7876809239387512,-0.10570601373910904,0.554823637008667,0.6738529205322266,-0.13109683990478516,0.5408127903938293,0.5019248723983765,-0.1368773728609085,0.456969678401947,0.39544835686683655,-0.1411299854516983,0.6572251319885254,0.5158769488334656,-0.05991131067276001,0.7815728783607483,0.39022284746170044,-0.08213146775960922,0.8521808981895447,0.3109922409057617,-0.10644371062517166,0.90605628490448,0.24478167295455933,-0.1282874494791031,0.5760458707809448,0.44276171922683716,-0.03877263143658638,0.6766878962516785,0.2898014187812805,-0.0521494559943676,0.7361156940460205,0.1996847540140152,-0.08111459016799927,0.7807734608650208,0.13098570704460144,-0.10363613069057465,0.48494890332221985,0.4119361639022827,-0.02967001125216484,0.5596944689750671,0.23916229605674744,-0.07873785495758057,0.6157497763633728,0.1340760886669159,-0.13811679184436798,0.6542645692825317,0.05455276370048523,-0.17728973925113678,0.3762115240097046,0.41191133856773376,-0.02660776488482952,0.430279016494751,0.2823060154914856,-0.08848893642425537,0.45831429958343506,0.2991895079612732,-0.1161847785115242,0.4644160270690918,0.34733617305755615,-0.13061685860157013,6
0.46070918440818787,0.840126633644104,1.2319251254666597e-06,0.5566808581352234,0.7669976949691772,-0.10608956962823868,0.573606550693512,0.6149677634239197,-0.13856498897075653,0.45253986120224,0.491457998752594,-0.15103904902935028,0.3323651850223541,0.4291348159313202,-0.16079336404800415,0.6186717748641968,0.44371235370635986,-0.07784399390220642,0.6665522456169128,0.2595690190792084,-0.1111321747303009,0.6936476230621338,0.15292219817638397,-0.1407604068517685,0.7126007080078125,0.05414202809333801,-0.1661098748445511,0.5114643573760986,0.4216516315937042,-0.05739079788327217,0.5053309202194214,0.22832000255584717,-0.08082860708236694,0.49569839239120483,0.12472251057624817,-0.11136317998170853,0.4880850911140442,0.03590241074562073,-0.13425162434577942,0.42216938734054565,0.445273756980896,-0.04749911278486252,0.35872340202331543,0.2860945463180542,-0.0990530401468277,0.3215222656726837,0.19413010776042938,-0.14778953790664673,0.2898564636707306,0.1123804897069931,-0.17913123965263367,0.34939464926719666,0.5035136938095093,-0.044582270085811615,0.31444787979125977,0.3993222713470459,-0.1068100854754448,0.3357107639312744,0.4354899525642395,-0.12539011240005493,0.35846251249313354,0.4815137982368469,-0.13208584487438202,6
0.3235616087913513,0.8418580293655396,1.232374984283524e-06,0.4498719274997711,0.8182373642921448,-0.09877033531665802,0.5452178716659546,0.6955733299255371,-0.12512695789337158,0.48792901635169983,0.5288581848144531,-0.13234028220176697,0.4026651680469513,0.43096956610679626,-0.13819338381290436,0.6456366181373596,0.5209120512008667,-0.06802555173635483,0.7549526691436768,0.362884521484375,-0.09671295434236526,0.8181458711624146,0.26919788122177124,-0.12500222027301788,0.8669565916061401,0.18886291980743408,-0.1486593782901764,0.5547674298286438,0.45851415395736694,-0.05159580335021019,0.6427576541900635,0.28779974579811096,-0.07418457418680191,0.6916913986206055,0.1829175055027008,-0.11126521229743958,0.73322993516922,0.09715637564659119,-0.1375509798526764,0.4602232277393341,0.44501227140426636,-0.044478535652160645,0.5076735019683838,0.2649480402469635,-0.0950903668999672,0.545258641242981,0.15236344933509827,-0.15425246953964233,0.576038122177124,0.05915084481239319,-0.19244414567947388,0.3511729836463928,0.47743529081344604,-0.04263101518154144,0.3809821903705597,0.34607523679733276,-0.1016669049859047,0.40682700276374817,0.37857726216316223,-0.1215638592839241,0.4211422801017761,0.43927913904190063,-0.12894271314144135,6
0.6721920967102051,0.9169944524765015,1.3340055602384382e-06,0.7735927700996399,0.8020203113555908,-0.1080387756228447,0.7670204639434814,0.5948390960693359,-0.13673518598079681,0.6253466606140137,0.47852253913879395,-0.15479013323783875,0.47742220759391785,0.4812075197696686,-0.16400960087776184,0.6439294219017029,0.41065138578414917,-0.033763572573661804,0.6166797876358032,0.2086959183216095,-0.04685712233185768,0.5889927744865417,0.09496402740478516,-0.054042998701334,0.5594840049743652,0.013509750366210938,-0.05955486372113228,0.5290170907974243,0.4383367598056793,-0.016173262149095535,0.44411033391952515,0.25198861956596375,-0.0381525494158268,0.39621323347091675,0.1428738534450531,-0.05896071717143059,0.3427523970603943,0.05694705247879028,-0.06804613769054413,0.4494851231575012,0.49450498819351196,-0.012764038518071175,0.37324899435043335,0.3389327824115753,-0.07782482355833054,0.44396427273750305,0.3948250114917755,-0.0981307402253151,0.4873805344104767,0.46038761734962463,-0.08892643451690674,0.3796277344226837,0.577049970626831,-0.019091952592134476,0.28090739250183105,0.466452419757843,-0.07612979412078857,0.2198815494775772,0.38907307386398315,-0.10055485367774963,0.1564122438430786,0.31492120027542114,-0.10751070082187653,7
0.25311070680618286,0.821972668170929,1.4362570937009878e-06,0.4049230217933655,0.8689651489257812,-0.09898039698600769,0.574006199836731,0.7782929539680481,-0.13038021326065063,0.6137609481811523,0.6162838935852051,-0.15158265829086304,0.544804573059082,0.5045817494392395,-0.1658226102590561,0.6535767316818237,0.5882585644721985,-0.05630769953131676,0.8070592284202576,0.4641977846622467,-0.07741090655326843,0.88934725522995,0.38496893644332886,-0.08637802302837372,0.9452906847000122,0.3226219117641449,-0.09259162098169327,0.5812957882881165,0.5110291838645935,-0.04261309280991554,0.7033694982528687,0.35888850688934326,-0.07216984778642654,0.7835599184036255,0.26458683609962463,-0.09523162245750427,0.8414276838302612,0.18171647191047668,-0.10792313516139984,0.5026158690452576,0.4679449200630188,-0.04066934809088707,0.5860200524330139,0.3298596739768982,-0.10484394431114197,0.5911301374435425,0.39975428581237793,-0.13055682182312012,0.5671848058700562,0.4699113368988037,-0.1289576292037964,0.40304863452911377,0.4424181282520294,-0.047098372131586075,0.42809978127479553,0.30768024921417236,-0.10327345132827759,0.44823917746543884,0.2186833620071411,-0.13201804459095,0.45875346660614014,0.13608378171920776,-0.14415718615055084,7
0.7802833914756775,0.814857006072998,1.2654193142225267e-06,0.8488279581069946,0.6725953221321106,-0.10384012758731842,0.8007007837295532,0.4857107102870941,-0.13631315529346466,0.6503283977508545,0.4112459719181061,-0.15783648192882538,0.5214354991912842,0.4490130543708801,-0.1724894940853119,0.6096700429916382,0.3713495135307312,-0.05580499395728111,0.5132753252983093,0.19966083765029907,-0.0799090787768364,0.4496970474720001,0.1077803373336792,-0.0934867337346077,0.3932220935821533,0.03970375657081604,-0.10330886393785477,0.5209382176399231,0.42667126655578613,-0.04069605842232704,0.3876599371433258,0.27610111236572266,-0.07383055239915848,0.307407021522522,0.1816210001707077,-0.1026483029127121,0.2328803539276123,0.11220669746398926,-0.1196584478020668,0.46806132793426514,0.4988906681537628,-0.0375579409301281,0.34282881021499634,0.3793675899505615,-0.10795192420482635,0.40898236632347107,0.3944357931613922,-0.13839252293109894,0.467835009098053,0.4334595799446106,-0.13924400508403778,0.4303813576698303,0.5954219698905945,-0.04272209107875824,0.3002733588218689,0.5423907041549683,-0.10509447008371353,0.21124479174613953,0.5014297962188721,-0.1383415311574936,0.12494659423828125,0.4689749479293823,-0.15318231284618378,7
0.5090222358703613,0.9222568273544312,1.2440350474207662e-06,0.6438667178153992,0.8535877466201782,-0.10022901743650436,0.726050615310669,0.6884934902191162,-0.13370412588119507,0.6535227298736572,0.5449444055557251,-0.15839827060699463,0.535906970500946,0.4894593060016632,-0.17616894841194153,0.6809909343719482,0.4669114053249359,-0.0524541400372982,0.7227562665939331,0.27280551195144653,-0.08172953128814697,0.7374715805053711,0.16316059231758118,-0.10160963982343674,0.7423620223999023,0.07474091649055481,-0.11536887288093567,0.5769607424736023,0.4533875286579132,-0.04127369821071625,0.5815764665603638,0.2563331127166748,-0.08111721277236938,0.5862743258476257,0.13067874312400818,-0.1180994063615799,0.5791170001029968,0.03480881452560425,-0.14056678116321564,0.48731592297554016,0.47614139318466187,-0.041921209543943405,0.4702205955982208,0.31713053584098816,-0.11347867548465729,0.4996165931224823,0.36987414956092834,-0.14788857102394104,0.5117571949958801,0.43532347679138184,-0.15132316946983337,0.39638417959213257,0.5259055495262146,-0.05064861476421356,0.33060795068740845,0.4020751714706421,-0.10833041369915009,0.2872931659221649,0.32066959142684937,-0.13797444105148315,0.2408873438835144,0.24855104088783264,-0.15054327249526978,7
0.5836391448974609,0.9207600951194763,1.2126029105274938e-06,0.7077208161354065,0.8266046047210693,-0.10258318483829498,0.7605117559432983,0.6434017419815063,-0.13538652658462524,0.6604674458503723,0.5125574469566345,-0.15907791256904602,0.5314135551452637,0.4875084161758423,-0.17609047889709473,0.674065351486206,0.43840333819389343,-0.049930866807699203,0.6809821724891663,0.24094067513942719,-0.07583485543727875,0.6765182018280029,0.13026565313339233,-0.09346481412649155,0.6678890585899353,0.04168418049812317,-0.10602647811174393,0.5689681768417358,0.4428215026855469,-0.037678882479667664,0.5343847870826721,0.2526588439941406,-0.07212351262569427,0.5187074542045593,0.12941282987594604,-0.10565465688705444,0.49676164984703064,0.035597532987594604,-0.12628595530986786,0.48533162474632263,0.4806906580924988,-0.03789801523089409,0.4417419135570526,0.32869619131088257,-0.10813827067613602,0.4825470447540283,0.37241604924201965,-0.14436793327331543,0.5060306787490845,0.4352785348892212,-0.14926734566688538,0.40447959303855896,0.5451016426086426,-0.046421416103839874,0.3170509934425354,0.43571117520332336,-0.10400626808404922,0.25967082381248474,0.3599821925163269,-0.135341614484787,0.1999608874320984,0.2967779040336609,-0.1495560258626938,7
0.46312272548675537,0.9104145765304565,1.4409997675102204e-06,0.6123113632202148,0.8709230422973633,-0.0882447212934494,0.7035340666770935,0.7517324686050415,-0.13780610263347626,0.6673646569252014,0.593065083026886,-0.1821214258670807,0.5478639602661133,0.5267627239227295,-0.22113631665706635,0.7033864259719849,0.5287905335426331,-0.08488519489765167,0.7904748320579529,0.34088218212127686,-0.11992966383695602,0.837698221206665,0.228149875998497,-0.13242748379707336,0.8632160425186157,0.14969021081924438,-0.1404459923505783,0.5959953665733337,0.48234328627586365,-0.07759231328964233,0.6140626072883606,0.2860049605369568,-0.11568324267864227,0.6286930441856384,0.17368146777153015,-0.12992413341999054,0.647247314453125,0.05687329173088074,-0.13681983947753906,0.5055373311042786,0.4829329252243042,-0.07808145135641098,0.5028490424156189,0.32104402780532837,-0.12774033844470978,0.5315608382225037,0.4200146198272705,-0.12180936336517334,0.5441794991493225,0.505506157875061,-0.10465699434280396,0.40031272172927856,0.5198771953582764,-0.08834470063447952,0.3491767346858978,0.3812820315361023,-0.13828428089618683,0.3075082302093506,0.29308485984802246,-0.1528347283601761,0.269156277179718,0.21690909564495087,-0.15535257756710052,7
0.5297008156776428,0.9235658645629883,1.454629682484665e-06,0.668926477432251,0.8504633903503418,-0.09042690694332123,0.7375330924987793,0.7196211814880371,-0.14401645958423615,0.6830345392227173,0.5679771900177002,-0.1944248080253601,0.5637106895446777,0.5205562114715576,-0.23874270915985107,0.7057956457138062,0.49538078904151917,-0.07610578089952469,0.7582370638847351,0.29239732027053833,-0.10911532491445541,0.7856810092926025,0.1704975664615631,-0.11700014770030975,0.799698531627655,0.09139567613601685,-0.11985010653734207,0.5918692350387573,0.47382891178131104,-0.06991773843765259,0.576280415058136,0.27474117279052734,-0.10207323729991913,0.5693588852882385,0.16298925876617432,-0.10668160766363144,0.5666144490242004,0.039296090602874756,-0.10573987662792206,0.5072799324989319,0.49000731110572815,-0.07409056276082993,0.4753258228302002,0.3275218605995178,-0.12174493819475174,0.5172889232635498,0.4208880066871643,-0.1139071136713028,0.5425148010253906,0.5050593018531799,-0.09477856755256653,0.4094863533973694,0.5439620614051819,-0.08917873352766037,0.3354679048061371,0.41393324732780457,-0.13813097774982452,0.2751830816268921,0.33198481798171997,-0.153174489736557,0.22117042541503906,0.26310011744499207,-0.15631401538848877,7
0.6220968961715698,0.9283894300460815,1.4360946352098836e-06,0.7464090585708618,0.8608922958374023,-0.10740158706903458,0.8150361180305481,0.7174946069717407,-0.17083092033863068,0.7738512754440308,0.5756196975708008,-0.22431708872318268,0.6507510542869568,0.5199432969093323,-0.27095749974250793,0.6870607137680054,0.47914230823516846,-0.11506541818380356,0.6939640641212463,0.28224319219589233,-0.18203645944595337,0.6927870512008667,0.16603565216064453,-0.21954932808876038,0.6838414669036865,0.07692107558250427,-0.24100841581821442,0.5755617618560791,0.4777919054031372,-0.10697846859693527,0.514313280582428,0.27637284994125366,-0.17621459066867828,0.4859519600868225,0.15655586123466492,-0.21265994012355804,0.44562533497810364,0.03564932942390442,-0.23301658034324646,0.48971572518348694,0.517629861831665,-0.1088438332080841,0.41748708486557007,0.36670324206352234,-0.19187532365322113,0.5110963582992554,0.42592644691467285,-0.19973443448543549,0.5775372982025146,0.4810854196548462,-0.1857728362083435,0.4102257192134857,0.6005764007568359,-0.12069094181060791,0.30579519271850586,0.49445775151252747,-0.18886351585388184,0.23315437138080597,0.41762444376945496,-0.21024692058563232,0.1612241566181183,0.33910611271858215,-0.21595041453838348,7
0.366732656955719,0.8638269901275635,1.357324663331383e-06,0.4979393780231476,0.8268977999687195,-0.09507053345441818,0.5876185894012451,0.7061160802841187,-0.139590784907341,0.5598034262657166,0.5451136827468872,-0.17605538666248322,0.4842506945133209,0.4533713459968567,-0.2042444348335266,0.6718587279319763,0.5440789461135864,-0.08347204327583313,0.785434365272522,0.3801688253879547,-0.12623777985572815,0.8416535258293152,0.2765604853630066,-0.14803378283977509,0.8761774301528931,0.19774430990219116,-0.16304360330104828,0.5745160579681396,0.48081862926483154,-0.06986664980649948,0.6372876763343811,0.30491936206817627,-0.12338902801275253,0.6668873429298401,0.19646289944648743,-0.15242727100849152,0.700416624546051,0.07820174098014832,-0.16821804642677307,0.4839375615119934,0.4642500579357147,-0.06404470652341843,0.5146419405937195,0.31554388999938965,-0.12343231588602066,0.4973021149635315,0.4205290675163269,-0.1116148978471756,0.47682470083236694,0.501204788684845,-0.08739195764064789,0.3837454319000244,0.4827136695384979,-0.06904421746730804,0.3613550066947937,0.34497782588005066,-0.11997976154088974,0.3459188938140869,0.2543257176876068,-0.12776024639606476,0.3395537734031677,0.16148045659065247,-0.12439946085214615,7
0.3213918209075928,0.8317693471908569,1.448808575332805e-06,0.46950268745422363,0.8321009874343872,-0.09257183969020844,0.6212758421897888,0.7108755707740784,-0.12121229618787766,0.630993664264679,0.5388393998146057,-0.13962101936340332,0.5721425414085388,0.4211101830005646,-0.15095588564872742,0.6597256660461426,0.5703153610229492,-0.046005118638277054,0.798863410949707,0.44190895557403564,-0.07178236544132233,0.8752602338790894,0.3548222780227661,-0.08617280423641205,0.9332597255706787,0.2898605465888977,-0.094758041203022,0.5838574171066284,0.5006482005119324,-0.03306835889816284,0.6681365966796875,0.3404107689857483,-0.060334932059049606,0.7363370060920715,0.22116541862487793,-0.08689089119434357,0.7812461853027344,0.1320568323135376,-0.10296795517206192,0.4977424144744873,0.4674034118652344,-0.032511722296476364,0.5476725101470947,0.3334178626537323,-0.08685693889856339,0.58287513256073,0.3409249782562256,-0.1188674122095108,0.5822179317474365,0.3704313039779663,-0.12572914361953735,0.3967621326446533,0.4521028697490692,-0.03971002250909805,0.3884659707546234,0.3062976002693176,-0.08821577578783035,0.3915582299232483,0.2056376039981842,-0.1157841756939888,0.38305777311325073,0.12175771594047546,-0.12794354557991028,7
0.4528070390224457,0.8665274381637573,9.999567964769085e-07,0.6136906743049622,0.7991200685501099,-0.09456030279397964,0.7051833868026733,0.5965142846107483,-0.11717300862073898,0.6604681611061096,0.4239298105239868,-0.1291540563106537,0.5351911783218384,0.36363738775253296,-0.13364079594612122,0.6512720584869385,0.45159056782722473,0.0389375202357769,0.6864656805992126,0.288210928440094,0.048678476363420486,0.7050462961196899,0.18442410230636597,0.04128208011388779,0.7095467448234558,0.09350237250328064,0.02310393936932087,0.540111243724823,0.4341454803943634,0.05059025436639786,0.5322157144546509,0.2465415596961975,-0.004454909823834896,0.5524194836616516,0.29829126596450806,-0.03779299557209015,0.5644332766532898,0.3919023871421814,-0.029463283717632294,0.43652063608169556,0.4381084442138672,0.04582756757736206,0.420398473739624,0.25392574071884155,0.01830855756998062,0.4362064599990845,0.12655943632125854,-0.015300922095775604,0.43370550870895386,0.029010772705078125,-0.028601685538887978,0.3452654778957367,0.470838725566864,0.02954169735312462,0.3231566846370697,0.34222477674484253,0.023682089522480965,0.31405624747276306,0.2550598382949829,0.013131918385624886,0.29714328050613403,0.17523372173309326,0.0027384248096495867,8
0.262483686208725,0.773773193359375,7.079372039697773e-07,0.4247574210166931,0.8113048076629639,-0.0870484709739685,0.6079205870628357,0.6978803873062134,-0.10828721523284912,0.648928165435791,0.5270419716835022,-0.11528851091861725,0.5753875374794006,0.4167644679546356,-0.11725960671901703,0.6521739959716797,0.5353937149047852,-0.004462043289095163,0.777855396270752,0.4176846146583557,-0.011593559756875038,0.8569644093513489,0.3362632095813751,-0.024866871535778046,0.9145239591598511,0.263547420501709,-0.04317881911993027,0.5662740468978882,0.46083417534828186,0.007131687365472317,0.6552662253379822,0.3055337071418762,-0.05028686672449112,0.6391124129295349,0.35233646631240845,-0.07788357883691788,0.6044101119041443,0.4220864772796631,-0.06938596069812775,0.47747743129730225,0.4114587903022766,0.005653690081089735,0.567837655544281,0.24856916069984436,-0.03171689063310623,0.6440631747245789,0.1491304636001587,-0.062557652592659,0.6956895589828491,0.061922818422317505,-0.07391296327114105,0.37847164273262024,0.3913692235946655,-0.0035640669520944357,0.43123602867126465,0.2657730281352997,-0.019566131755709648,0.47382694482803345,0.19209247827529907,-0.026293106377124786,0.5068949460983276,0.11846959590911865,-0.031294096261262894,8
0.1717013120651245,0.7034580707550049,7.152037824198487e-07,0.32746538519859314,0.774938702583313,-0.09030412137508392,0.5402752757072449,0.6998847126960754,-0.10962516814470291,0.6235670447349548,0.542312502861023,-0.11670548468828201,0.5755192637443542,0.41633033752441406,-0.11896425485610962,0.6199297308921814,0.5701362490653992,0.011103570461273193,0.7844486832618713,0.49227336049079895,0.008939641527831554,0.8815720677375793,0.43780508637428284,-0.004730758722871542,0.9586124420166016,0.3831430673599243,-0.026041409000754356,0.555999755859375,0.4766116440296173,0.021497182548046112,0.6834949254989624,0.3416202664375305,-0.039991311728954315,0.6624284386634827,0.3755134046077728,-0.07867689430713654,0.609782338142395,0.4366123676300049,-0.07782334089279175,0.4807125926017761,0.4057953953742981,0.01781011000275612,0.6042989492416382,0.26530683040618896,-0.01886678859591484,0.7085861563682556,0.183261901140213,-0.060000643134117126,0.7840772867202759,0.11331456899642944,-0.07955729961395264,0.3920561969280243,0.36279296875,0.005092776846140623,0.4785172939300537,0.25701504945755005,-0.012143110856413841,0.5447061657905579,0.19375354051589966,-0.028508104383945465,0.6026552319526672,0.132303386926651,-0.04197229817509651,8
0.7097320556640625,0.8314623832702637,6.658941629211768e-07,0.7732539176940918,0.6742033958435059,-0.08632396906614304,0.7030478715896606,0.46246859431266785,-0.10519035905599594,0.5493108630180359,0.3815583288669586,-0.11253224313259125,0.4217097759246826,0.4210386872291565,-0.1151706725358963,0.5677497982978821,0.3831312358379364,0.007280474528670311,0.49130144715309143,0.21821114420890808,-0.000509746081661433,0.4383465349674225,0.12028065323829651,-0.017437029629945755,0.3854657709598541,0.04075250029563904,-0.03958931937813759,0.47396671772003174,0.4450712203979492,0.0156636331230402,0.3372175693511963,0.31554514169692993,-0.04848771169781685,0.3681568503379822,0.3336884677410126,-0.08799644559621811,0.4276914596557617,0.38674718141555786,-0.0882466658949852,0.4045897126197815,0.5207734107971191,0.010514987632632256,0.26225897669792175,0.3948424160480499,-0.02813941426575184,0.17834869027137756,0.29144057631492615,-0.06767329573631287,0.10912299156188965,0.21872346103191376,-0.08585122227668762,0.3641723692417145,0.6111793518066406,-0.003245749045163393,0.2557796537876129,0.5228004455566406,-0.0213483739644289,0.19092676043510437,0.4555933177471161,-0.036471351981163025,0.12950977683067322,0.3982205092906952,-0.04829230159521103,8
0.243784099817276,0.7503578662872314,8.465945597890823e-07,0.4088275134563446,0.794644832611084,-0.08399364352226257,0.6002936959266663,0.6898018717765808,-0.10387608408927917,0.6640851497650146,0.5228334665298462,-0.11111368238925934,0.6057647466659546,0.4071449637413025,-0.11356461048126221,0.6263726949691772,0.5409311056137085,0.00893084704875946,0.7502638697624207,0.43139368295669556,0.010018318891525269,0.8314667344093323,0.35283443331718445,0.0026243487372994423,0.8917533159255981,0.27921462059020996,-0.012854618020355701,0.5500747561454773,0.4636693000793457,0.02028742991387844,0.6410908102989197,0.30370181798934937,-0.03260466828942299,0.6374441981315613,0.35149309039115906,-0.05884899944067001,0.6081804037094116,0.4251673221588135,-0.04845266789197922,0.4670015871524811,0.41018208861351013,0.018955403938889503,0.560346245765686,0.2478574812412262,-0.016127994284033775,0.6475918292999268,0.1540772020816803,-0.04611949250102043,0.7075397968292236,0.0724351704120636,-0.05559645593166351,0.3722648322582245,0.3843570351600647,0.009729582816362381,0.43353551626205444,0.26366519927978516,-0.005105351097881794,0.4796709418296814,0.19095996022224426,-0.013297089375555515,0.5149880051612854,0.11758938431739807,-0.019212115556001663,8
0.589343786239624,0.951126217842102,2.423506373361306e-07,0.7328311204910278,0.870491623878479,-0.10926223546266556,0.8160662651062012,0.7102542519569397,-0.17040662467479706,0.7517322301864624,0.5707416534423828,-0.21456487476825714,0.6176472902297974,0.5625689029693604,-0.2528262138366699,0.7413071393966675,0.4717356264591217,-0.07442688196897507,0.7786446213722229,0.2855149805545807,-0.11495478451251984,0.7874358892440796,0.16569599509239197,-0.13811980187892914,0.7845276594161987,0.07186689972877502,-0.16091609001159668,0.6200973391532898,0.4674708843231201,-0.07092761993408203,0.625188410282135,0.3156083822250366,-0.17582060396671295,0.6327692270278931,0.45025521516799927,-0.2012459635734558,0.6485869884490967,0.554872453212738,-0.18186530470848083,0.5079684853553772,0.48898643255233765,-0.08384474366903305,0.451915442943573,0.29642611742019653,-0.16423648595809937,0.3894319534301758,0.17222663760185242,-0.20443248748779297,0.32886502146720886,0.05566146969795227,-0.21812929213047028,0.4046691060066223,0.5517542958259583,-0.10357056558132172,0.29945099353790283,0.42614442110061646,-0.15017549693584442,0.23454034328460693,0.35288164019584656,-0.16403932869434357,0.16683927178382874,0.2783619165420532,-0.17216834425926208,8
0.7982397079467773,0.8506157398223877,2.8689248665614286e-07,0.8956720232963562,0.7195255756378174,-0.09505151212215424,0.8885846734046936,0.5245856046676636,-0.1538175791501999,0.774952232837677,0.41858547925949097,-0.20162522792816162,0.6476867198944092,0.46962815523147583,-0.2457960993051529,0.6961343288421631,0.35480767488479614,-0.056531261652708054,0.6279845237731934,0.188419371843338,-0.10185056179761887,0.5731561779975891,0.06644698977470398,-0.12877091765403748,0.5228566527366638,-0.013594061136245728,-0.15405195951461792,0.5882011651992798,0.4120974540710449,-0.06020228937268257,0.5209771394729614,0.2816712260246277,-0.18255381286144257,0.5966271758079529,0.38424763083457947,-0.21347148716449738,0.6657292246818542,0.4706496596336365,-0.19251024723052979,0.49726468324661255,0.4876682758331299,-0.0794239342212677,0.36064887046813965,0.3549000024795532,-0.16940155625343323,0.24045416712760925,0.2619069814682007,-0.2103683352470398,0.13001587986946106,0.17984861135482788,-0.22149990499019623,0.43427932262420654,0.5885484218597412,-0.1042715311050415,0.2908323407173157,0.5361191630363464,-0.15513579547405243,0.19388172030448914,0.5076823234558105,-0.17032621800899506,0.09139388799667358,0.4740493595600128,-0.17820294201374054,8
0.19277220964431763,0.7962028980255127,7.490756956940459e-07,0.3131263554096222,0.8428962230682373,-0.1005106270313263,0.4726049304008484,0.8322951793670654,-0.15941575169563293,0.5808836221694946,0.7612857222557068,-0.21547451615333557,0.5881773829460144,0.640818178653717,-0.2616674304008484,0.586299479007721,0.6102222800254822,-0.06127205491065979,0.6937810182571411,0.5217218399047852,-0.16080574691295624,0.6551709771156311,0.5500006079673767,-0.23139992356300354,0.5838399529457092,0.5946167707443237,-0.2583180069923401,0.5414493680000305,0.5168376564979553,-0.05338899418711662,0.7009535431861877,0.3959178328514099,-0.09605862945318222,0.7980376482009888,0.31270116567611694,-0.12369077652692795,0.8900726437568665,0.22912362217903137,-0.13886745274066925,0.4703978896141052,0.46338045597076416,-0.06683109700679779,0.5649673938751221,0.31741398572921753,-0.10784736275672913,0.6219598054885864,0.22036650776863098,-0.13212737441062927,0.6732422113418579,0.13757574558258057,-0.14347043633460999,0.36571961641311646,0.4413812756538391,-0.09276796132326126,0.4135041832923889,0.3084002733230591,-0.12170866131782532,0.4458630084991455,0.21973812580108643,-0.12841150164604187,0.47902417182922363,0.14143884181976318,-0.1288893222808838,9
0.39811185002326965,0.9174222946166992,5.518872399079555e-07,0.5475318431854248,0.8947447538375854,-0.08420584350824356,0.709744393825531,0.7874318361282349,-0.13388825953006744,0.7900736927986145,0.6554524898529053,-0.17701710760593414,0.7285365462303162,0.5612263083457947,-0.2121274322271347,0.6609885692596436,0.5538325905799866,-0.07170578837394714,0.7286199927330017,0.42900151014328003,-0.161404088139534,0.7143151760101318,0.4832513630390167,-0.2266530990600586,0.6824774742126465,0.551865816116333,-0.2548030614852905,0.5769256353378296,0.49954575300216675,-0.06814378499984741,0.6462214589118958,0.32125335931777954,-0.1156047061085701,0.682167649269104,0.2056649625301361,-0.15151464939117432,0.7079553604125977,0.08907738327980042,-0.17525973916053772,0.48179125785827637,0.48673176765441895,-0.08030689507722855,0.4987095594406128,0.30876192450523376,-0.1308268904685974,0.5089333057403564,0.19619259238243103,-0.16962356865406036,0.5183830857276917,0.09602516889572144,-0.19311420619487762,0.37462735176086426,0.5167711973190308,-0.09953198581933975,0.31630855798721313,0.3901011645793915,-0.14018374681472778,0.27848178148269653,0.30035847425460815,-0.15844255685806274,0.24782422184944153,0.21657156944274902,-0.16830076277256012,9
0.5456434488296509,0.9259223937988281,7.352738862209662e-07,0.6640396118164062,0.845774233341217,-0.08924377709627151,0.7615609169006348,0.6932371854782104,-0.13523471355438232,0.7866465449333191,0.5413474440574646,-0.1780109852552414,0.6927884221076965,0.46427294611930847,-0.2129698395729065,0.6567879319190979,0.49190589785575867,-0.04133574292063713,0.655936598777771,0.33907610177993774,-0.12288549542427063,0.6661211848258972,0.36264967918395996,-0.1848643720149994,0.6751055717468262,0.4397045969963074,-0.2096925675868988,0.5533502697944641,0.47323235869407654,-0.034293945878744125,0.5526899099349976,0.2735937833786011,-0.06132080778479576,0.5477197766304016,0.152149498462677,-0.08743426948785782,0.5451816916465759,0.037063658237457275,-0.10491151362657547,0.4646325409412384,0.4940609931945801,-0.04667239263653755,0.4321226477622986,0.32613736391067505,-0.07736385613679886,0.41169893741607666,0.21637926995754242,-0.10850790143013,0.3967505097389221,0.1240568459033966,-0.12931296229362488,0.37364184856414795,0.5605975985527039,-0.06999436020851135,0.2979205846786499,0.4579243063926697,-0.09879355132579803,0.2418215274810791,0.3859395980834961,-0.11206833273172379,0.19371211528778076,0.31894126534461975,-0.11916256695985794,9
0.47953271865844727,0.9328984022140503,7.989064556568337e-07,0.6068757772445679,0.883915901184082,-0.08819185942411423,0.7298101782798767,0.7557551264762878,-0.13457567989826202,0.7800559997558594,0.6163969039916992,-0.17770037055015564,0.6996670365333557,0.5271622538566589,-0.21378108859062195,0.6562897562980652,0.5274574756622314,-0.05050846189260483,0.6851933002471924,0.37506166100502014,-0.1341097354888916,0.6982619762420654,0.3914119601249695,-0.1956644505262375,0.6970419883728027,0.46650177240371704,-0.21892580389976501,0.5589472651481628,0.49144724011421204,-0.04326482489705086,0.591559648513794,0.29368454217910767,-0.07379120588302612,0.6079716682434082,0.16778457164764404,-0.09979255497455597,0.6228393316268921,0.053833723068237305,-0.1154206171631813,0.46829894185066223,0.49613603949546814,-0.05449762940406799,0.46014612913131714,0.31669914722442627,-0.087826207280159,0.4568769335746765,0.19932258129119873,-0.11909738928079605,0.4566408395767212,0.10515213012695312,-0.13815344870090485,0.36841344833374023,0.5465824604034424,-0.07618433982133865,0.3054560422897339,0.4289073050022125,-0.10691337287425995,0.25978055596351624,0.346396803855896,-0.12122701853513718,0.22277554869651794,0.2736559212207794,-0.12748587131500244,9
0.700546383857727,0.8803770542144775,7.11806364961376e-07,0.7833387851715088,0.7747247219085693,-0.0840313509106636,0.8302983045578003,0.604751706123352,-0.12831364572048187,0.8039512038230896,0.46261778473854065,-0.17031264305114746,0.693332850933075,0.4258096218109131,-0.20649640262126923,0.6533267498016357,0.4436177909374237,-0.0493163987994194,0.5991809368133545,0.29370611906051636,-0.13311733305454254,0.6177167892456055,0.298507422208786,-0.19765034317970276,0.6555240750312805,0.36587122082710266,-0.22459545731544495,0.5495278835296631,0.46268483996391296,-0.04578813537955284,0.47486647963523865,0.27297502756118774,-0.07873058319091797,0.4235645532608032,0.1571415662765503,-0.11120926588773727,0.3790097236633301,0.05768933892250061,-0.13308793306350708,0.4725693464279175,0.5138341188430786,-0.059903185814619064,0.3784283399581909,0.36454182863235474,-0.09342025220394135,0.3144650459289551,0.26683342456817627,-0.12920963764190674,0.26452481746673584,0.18823795020580292,-0.15347300469875336,0.4098075330257416,0.6088581085205078,-0.0842026025056839,0.3001270890235901,0.5381515622138977,-0.11445743590593338,0.22012439370155334,0.4907427132129669,-0.12978875637054443,0.1510699987411499,0.444400817155838,-0.13877396285533905,9
0.42373892664909363,0.906445324420929,3.8973146843090944e-07,0.5894820094108582,0.8390619158744812,-0.06591993570327759,0.7210350632667542,0.6701748371124268,-0.09355300664901733,0.7786870002746582,0.5151147842407227,-0.12189195305109024,0.6916918158531189,0.4433722496032715,-0.14261363446712494,0.5899269580841064,0.47583261132240295,-0.0032251698430627584,0.6274538636207581,0.3223121762275696,-0.08778932690620422,0.6517530083656311,0.37431657314300537,-0.16304299235343933,0.6535466909408569,0.4553793966770172,-0.19663861393928528,0.4932292103767395,0.44674861431121826,-0.004244679119437933,0.524549126625061,0.2606324553489685,-0.03724568709731102,0.5473134517669678,0.1438557505607605,-0.07779137045145035,0.5596269369125366,0.035033077001571655,-0.10694281756877899,0.4010019898414612,0.456185907125473,-0.02495713159441948,0.3949260711669922,0.2847870886325836,-0.05471401289105415,0.40162962675094604,0.16723570227622986,-0.08707286417484283,0.40694859623908997,0.0634734034538269,-0.10944751650094986,0.30574172735214233,0.5000566840171814,-0.05539020150899887,0.28474363684654236,0.3641805052757263,-0.07044044137001038,0.27060776948928833,0.2750399112701416,-0.07485523819923401,0.26122337579727173,0.19018888473510742,-0.07920913398265839,9
0.5993696451187134,0.9108377695083618,4.818587058252888e-07,0.7113307118415833,0.781773030757904,-0.0592249371111393,0.7735013365745544,0.5833348631858826,-0.08577271550893784,0.7759420275688171,0.4216766059398651,-0.11567817628383636,0.6712630391120911,0.3697288930416107,-0.13964514434337616,0.5717243552207947,0.449553519487381,0.003813507966697216,0.5569513440132141,0.29416823387145996,-0.08089087158441544,0.5996298789978027,0.3159603476524353,-0.15478123724460602,0.639634370803833,0.38746172189712524,-0.18643523752689362,0.472051203250885,0.45474517345428467,-0.00044139998499304056,0.43938636779785156,0.2649543881416321,-0.03003077767789364,0.42365092039108276,0.14523780345916748,-0.06699816137552261,0.4085359573364258,0.03904476761817932,-0.09402085095643997,0.3914216458797455,0.49394461512565613,-0.02418472245335579,0.32907968759536743,0.33232033252716064,-0.05154779180884361,0.29229190945625305,0.22131209075450897,-0.08102557808160782,0.26539474725723267,0.12752410769462585,-0.10226461291313171,0.3204280138015747,0.5694094896316528,-0.0576421394944191,0.25505954027175903,0.45270028710365295,-0.07305688410997391,0.20702970027923584,0.3728446960449219,-0.07752254605293274,0.1680665910243988,0.29492682218551636,-0.08208289742469788,9
0.52741938829422,0.92641282081604,5.79523430133122e-07,0.6618813276290894,0.8467406630516052,-0.06811558455228806,0.768237829208374,0.693635106086731,-0.10805753618478775,0.8168424963951111,0.5475293397903442,-0.1485372632741928,0.7525659799575806,0.4533979892730713,-0.18389566242694855,0.6482346653938293,0.5010984539985657,-0.04859783872961998,0.684241771697998,0.3554914891719818,-0.14490926265716553,0.7218048572540283,0.3911147713661194,-0.21543525159358978,0.7421866059303284,0.4654194116592407,-0.24329577386379242,0.5538309812545776,0.47273576259613037,-0.05437334254384041,0.572840690612793,0.2756284475326538,-0.09665273129940033,0.5815206170082092,0.15474125742912292,-0.13028903305530548,0.5793365240097046,0.03936353325843811,-0.1518663614988327,0.46276265382766724,0.488910049200058,-0.07743021845817566,0.4288448691368103,0.3086814284324646,-0.124289371073246,0.4075430631637573,0.18776872754096985,-0.16161192953586578,0.38830891251564026,0.08701947331428528,-0.18341931700706482,0.37205132842063904,0.5498639941215515,-0.10774119943380356,0.2862253785133362,0.4308648407459259,-0.14780868589878082,0.22803494334220886,0.3465690016746521,-0.1654973328113556,0.1773199439048767,0.270638644695282,-0.1740945428609848,9
0.7292338609695435,0.8192238211631775,6.076363092688553e-07,0.799846887588501,0.6715420484542847,-0.07279890775680542,0.775452733039856,0.46500128507614136,-0.09706776589155197,0.6981538534164429,0.30467894673347473,-0.11939279735088348,0.5759439468383789,0.3085215091705322,-0.13325761258602142,0.5779280662536621,0.39456412196159363,-0.004869517870247364,0.4919241666793823,0.2642776370048523,-0.06343331933021545,0.5140713453292847,0.28338751196861267,-0.11058804392814636,0.5603926777839661,0.34507691860198975,-0.12581300735473633,0.47864535450935364,0.44196078181266785,0.008466308936476707,0.36149507761001587,0.28640925884246826,0.007372735068202019,0.29080289602279663,0.19679145514965057,0.0016568440478295088,0.22335296869277954,0.11481276154518127,-0.0009446856565773487,0.41602328419685364,0.510922908782959,0.0028372742235660553,0.2863398790359497,0.42197129130363464,-6.624402158195153e-05,0.20629823207855225,0.3594913184642792,-0.005929606035351753,0.14019685983657837,0.30924326181411743,-0.009838392026722431,0.37664133310317993,0.6103576421737671,-0.01455773040652275,0.2719101309776306,0.5706427693367004,-0.015588446520268917,0.19932156801223755,0.5407381057739258,-0.009403261356055737,0.13639789819717407,0.5111951231956482,-0.0030851869378238916,9
0.6658966541290283,0.8445134162902832,5.235564799477288e-07,0.7499468326568604,0.7212740778923035,-0.05939919874072075,0.7892005443572998,0.552565336227417,-0.09678422659635544,0.771352231502533,0.4133215546607971,-0.13704290986061096,0.6695070862770081,0.36838656663894653,-0.17284491658210754,0.6111109256744385,0.4263700842857361,-0.036908943206071854,0.5709071159362793,0.28594017028808594,-0.12543810904026031,0.6018104553222656,0.3016088008880615,-0.19362930953502655,0.6415078639984131,0.3621133267879486,-0.2224179208278656,0.5132265090942383,0.44483402371406555,-0.045478735119104385,0.4444427788257599,0.26792365312576294,-0.08464343845844269,0.3975464701652527,0.15956875681877136,-0.1194327250123024,0.3519705832004547,0.06639450788497925,-0.14303764700889587,0.439302533864975,0.4966420829296112,-0.06942073255777359,0.33782321214675903,0.35467860102653503,-0.10720747709274292,0.2767530679702759,0.26294004917144775,-0.135393425822258,0.23117776215076447,0.18788349628448486,-0.15312165021896362,0.38318631052970886,0.587147057056427,-0.10101792961359024,0.2751886248588562,0.5043749213218689,-0.13001398742198944,0.20405220985412598,0.44489675760269165,-0.13840463757514954,0.1457209587097168,0.3898301124572754,-0.14220036566257477,9
